date,actual,predicted
1.02.2024 00:00,0,0.402280813
1.02.2024 01:00,0,0.549963308
1.02.2024 02:00,0,0.69116319
1.02.2024 03:00,0,0.791851592
1.02.2024 04:00,0,0.888389385
1.02.2024 05:00,0,0.969364396
1.02.2024 06:00,0.01,1.035519356
1.02.2024 07:00,1.59,1.098264112
1.02.2024 08:00,6.17,2.822954407
1.02.2024 09:00,7.11,7.466347408
1.02.2024 10:00,5.2,7.646595271
1.02.2024 11:00,3.53,5.14969434
1.02.2024 12:00,4.92,3.410959396
1.02.2024 13:00,4.9,4.873560613
1.02.2024 14:00,5.78,4.667292903
1.02.2024 15:00,4.78,5.475076226
1.02.2024 16:00,0.53,4.134281111
1.02.2024 17:00,0,-0.375639616
1.02.2024 18:00,0,-0.285628928
1.02.2024 19:00,0,-0.070423457
1.02.2024 20:00,0,0.066940324
1.02.2024 21:00,0,0.191573694
1.02.2024 22:00,0,0.303854627
1.02.2024 23:00,0,0.341865426
2.02.2024 00:00,0,0.49160314
2.02.2024 01:00,0,0.537084753
2.02.2024 02:00,0,0.608554049
2.02.2024 03:00,0,0.686917397
2.02.2024 04:00,0,0.730941949
2.02.2024 05:00,0,0.765093095
2.02.2024 06:00,0.01,0.790010463
2.02.2024 07:00,1.62,0.817189022
2.02.2024 08:00,6.15,2.543828633
2.02.2024 09:00,9.03,7.104024427
2.02.2024 10:00,9.85,9.293181157
2.02.2024 11:00,9.88,9.410092775
2.02.2024 12:00,9.85,8.910969946
2.02.2024 13:00,9.85,8.518745806
2.02.2024 14:00,8.85,8.164054535
2.02.2024 15:00,5.64,6.793188124
2.02.2024 16:00,1.53,3.294933789
2.02.2024 17:00,0,-0.70472775
2.02.2024 18:00,0,-1.612794292
2.02.2024 19:00,0,-1.134692687
2.02.2024 20:00,0,-0.86209028
2.02.2024 21:00,0,-0.606893205
2.02.2024 22:00,0,-0.369678673
2.02.2024 23:00,0,-0.202361584
3.02.2024 00:00,0,0.050478516
3.02.2024 01:00,0,0.228748749
3.02.2024 02:00,0,0.411437937
3.02.2024 03:00,0,0.544815898
3.02.2024 04:00,0,0.674625637
3.02.2024 05:00,0,0.787491128
3.02.2024 06:00,0.01,0.884185855
3.02.2024 07:00,0.94,0.976116074
3.02.2024 08:00,4.21,2.034402885
3.02.2024 09:00,6.83,5.418593797
3.02.2024 10:00,6.11,7.706699476
3.02.2024 11:00,9.09,6.260594739
3.02.2024 12:00,8.71,9.303727577
3.02.2024 13:00,8.02,8.161508706
3.02.2024 14:00,4.37,7.172714181
3.02.2024 15:00,3.24,3.12019913
3.02.2024 16:00,0.94,2.340045873
3.02.2024 17:00,0,0.064077158
3.02.2024 18:00,0,-0.495927377
3.02.2024 19:00,0,-0.182958684
3.02.2024 20:00,0,-0.0021097
3.02.2024 21:00,0,0.162690992
3.02.2024 22:00,0,0.311702412
3.02.2024 23:00,0,0.411808196
4.02.2024 00:00,0,0.563248671
4.02.2024 01:00,0,0.654812309
4.02.2024 02:00,0,0.752044416
4.02.2024 03:00,0,0.830597471
4.02.2024 04:00,0,0.892644678
4.02.2024 05:00,0,0.942143423
4.02.2024 06:00,0.07,0.979886283
4.02.2024 07:00,1.03,1.081347919
4.02.2024 08:00,5.04,2.11119151
4.02.2024 09:00,9.02,6.231954136
4.02.2024 10:00,9.83,9.749968792
4.02.2024 11:00,6.96,9.677027419
4.02.2024 12:00,9.19,6.075144565
4.02.2024 13:00,9,8.391989141
4.02.2024 14:00,3.25,7.759037162
4.02.2024 15:00,3.71,1.357839316
4.02.2024 16:00,0.66,2.604573147
4.02.2024 17:00,0,-0.682568086
4.02.2024 18:00,0,-0.823636991
4.02.2024 19:00,0,-0.53126379
4.02.2024 20:00,0,-0.334760736
4.02.2024 21:00,0,-0.153090839
4.02.2024 22:00,0,0.013714729
4.02.2024 23:00,0,0.116399514
5.02.2024 00:00,0,0.302836452
5.02.2024 01:00,0,0.41078844
5.02.2024 02:00,0,0.531163744
5.02.2024 03:00,0,0.628633969
5.02.2024 04:00,0,0.710255569
5.02.2024 05:00,0,0.778921599
5.02.2024 06:00,0,0.835570453
5.02.2024 07:00,0.88,0.880600187
5.02.2024 08:00,3.01,1.854456097
5.02.2024 09:00,4.21,4.000018494
5.02.2024 10:00,6.69,4.903565191
5.02.2024 11:00,4.12,7.199368062
5.02.2024 12:00,2.85,3.851147614
5.02.2024 13:00,3.01,2.77196888
5.02.2024 14:00,1.78,2.933868483
5.02.2024 15:00,1.88,1.535146726
5.02.2024 16:00,0,1.797057962
5.02.2024 17:00,0,-0.223446805
5.02.2024 18:00,0,0.103161905
5.02.2024 19:00,0,0.189019661
5.02.2024 20:00,0,0.265572361
5.02.2024 21:00,0,0.331977721
5.02.2024 22:00,0,0.393136965
5.02.2024 23:00,0,0.420993319
6.02.2024 00:00,0,0.486910545
6.02.2024 01:00,0,0.513772492
6.02.2024 02:00,0,0.544473862
6.02.2024 03:00,0,0.571255498
6.02.2024 04:00,0,0.586274797
6.02.2024 05:00,0,0.595108102
6.02.2024 06:00,0,0.59853881
6.02.2024 07:00,0.4,0.598320973
6.02.2024 08:00,1.48,1.017418076
6.02.2024 09:00,8.82,2.09155847
6.02.2024 10:00,8.28,9.646918711
6.02.2024 11:00,8.74,7.77650273
6.02.2024 12:00,9.88,7.951984684
6.02.2024 13:00,9.59,8.660301768
6.02.2024 14:00,8.5,7.916696586
6.02.2024 15:00,5.21,6.468280402
6.02.2024 16:00,2.02,2.8677777
6.02.2024 17:00,0.03,-0.152620789
6.02.2024 18:00,0,-1.736604841
6.02.2024 19:00,0,-1.272497905
6.02.2024 20:00,0,-1.017569861
6.02.2024 21:00,0,-0.766449317
6.02.2024 22:00,0,-0.547235282
6.02.2024 23:00,0,-0.392690958
7.02.2024 00:00,0,-0.154475167
7.02.2024 01:00,0,0.006139666
7.02.2024 02:00,0,0.181013667
7.02.2024 03:00,0,0.317415219
7.02.2024 04:00,0,0.478401922
7.02.2024 05:00,0,0.552984972
7.02.2024 06:00,0.02,0.635561411
7.02.2024 07:00,2.13,0.757410327
7.02.2024 08:00,6.46,3.078981551
7.02.2024 09:00,9.09,7.396170327
7.02.2024 10:00,9.88,9.406451124
7.02.2024 11:00,9.85,9.54286866
7.02.2024 12:00,9.87,9.03068202
7.02.2024 13:00,9.87,9.032420995
7.02.2024 14:00,9.03,8.412352603
7.02.2024 15:00,6.34,7.251418758
7.02.2024 16:00,1.92,4.295246593
7.02.2024 17:00,0,-0.115060977
7.02.2024 18:00,0,-1.39864908
7.02.2024 19:00,0,-0.919966915
7.02.2024 20:00,0,-0.649641053
7.02.2024 21:00,0,-0.299019802
7.02.2024 22:00,0,-0.057335286
7.02.2024 23:00,0,0.133755072
8.02.2024 00:00,0,0.376740567
8.02.2024 01:00,0,0.555235592
8.02.2024 02:00,0,0.730225367
8.02.2024 03:00,0,0.855161021
8.02.2024 04:00,0,0.983018453
8.02.2024 05:00,0,1.080638891
8.02.2024 06:00,0.06,0.78414713
8.02.2024 07:00,1.57,1.303184687
8.02.2024 08:00,3.9,2.960595745
8.02.2024 09:00,6.42,5.224257558
8.02.2024 10:00,8.67,7.441298413
8.02.2024 11:00,7.95,9.273900659
8.02.2024 12:00,6.38,7.84937588
8.02.2024 13:00,6.92,5.994147176
8.02.2024 14:00,5.07,6.519007014
8.02.2024 15:00,1.92,0
8.02.2024 16:00,0.41,1.058188555
8.02.2024 17:00,0,-0.078866278
8.02.2024 18:00,0,-0.174066601
8.02.2024 19:00,0,0.044071725
8.02.2024 20:00,0,0.194341328
8.02.2024 21:00,0,0.329747406
8.02.2024 22:00,0,0.450548886
8.02.2024 23:00,0,0.505472979
9.02.2024 00:00,0,0.6496521
9.02.2024 01:00,0,0.699483394
9.02.2024 02:00,0,0.774923836
9.02.2024 03:00,0,0.850022187
9.02.2024 04:00,0,0.892759524
9.02.2024 05:00,0,0.924609143
9.02.2024 06:00,0.07,0.946244535
9.02.2024 07:00,1.78,1.033181906
9.02.2024 08:00,6.23,2.853048075
9.02.2024 09:00,8.7,7.305554908
9.02.2024 10:00,9.8,9.053664852
9.02.2024 11:00,7.78,9.532751603
9.02.2024 12:00,5.7,6.804944418
9.02.2024 13:00,6.11,4.535778485
9.02.2024 14:00,3.63,5.099642298
9.02.2024 15:00,1.98,2.251440714
9.02.2024 16:00,0.61,0.797286395
9.02.2024 17:00,0,-0.367689197
9.02.2024 18:00,0,-0.687647063
9.02.2024 19:00,0,-0.428167658
9.02.2024 20:00,0,-0.25775097
9.02.2024 21:00,0,-0.100551046
9.02.2024 22:00,0,0.043610803
9.02.2024 23:00,0,0.144173791
10.02.2024 00:00,0,0.292953452
10.02.2024 01:00,0,0.394794663
10.02.2024 02:00,0,0.499299542
10.02.2024 03:00,0,0.571771017
10.02.2024 04:00,0,0.640923009
10.02.2024 05:00,0,0.698850488
10.02.2024 06:00,0.06,0.74637382
10.02.2024 07:00,2.19,0.847795853
10.02.2024 08:00,6.25,3.142289675
10.02.2024 09:00,9.09,7.126310501
10.02.2024 10:00,9.86,9.334585721
10.02.2024 11:00,9.82,9.42267963
10.02.2024 12:00,9.87,8.874099262
10.02.2024 13:00,9.81,8.715375481
10.02.2024 14:00,8.84,8.174117807
10.02.2024 15:00,5.9,6.864710306
10.02.2024 16:00,1.85,3.650430347
10.02.2024 17:00,0.03,-0.324047464
10.02.2024 18:00,0,-1.554284492
10.02.2024 19:00,0,-1.063431651
10.02.2024 20:00,0,-0.787837786
10.02.2024 21:00,0,-0.516827694
10.02.2024 22:00,0,-0.276025186
10.02.2024 23:00,0,-0.096995197
11.02.2024 00:00,0,0.096672275
11.02.2024 01:00,0,0.330194877
11.02.2024 02:00,0,0.511048705
11.02.2024 03:00,0,0.643348241
11.02.2024 04:00,0,0.771478267
11.02.2024 05:00,0,0.882340275
11.02.2024 06:00,0.08,0.976322665
11.02.2024 07:00,2.35,1.137211923
11.02.2024 08:00,6.64,3.617386817
11.02.2024 09:00,9.06,7.637145161
11.02.2024 10:00,9.19,9.608569315
11.02.2024 11:00,9.81,9.069097501
11.02.2024 12:00,9.83,9.358208391
11.02.2024 13:00,9.44,9.010905589
11.02.2024 14:00,6.47,8.212069863
11.02.2024 15:00,3.53,4.823250421
11.02.2024 16:00,0.86,1.975245849
11.02.2024 17:00,0.01,-0.424616544
11.02.2024 18:00,0,-0.772889944
11.02.2024 19:00,0,-0.422943735
11.02.2024 20:00,0,-0.185641786
11.02.2024 21:00,0,0.030343768
11.02.2024 22:00,0,0.227287223
11.02.2024 23:00,0,0.359741822
12.02.2024 00:00,0,0.563875288
12.02.2024 01:00,0,0.690844162
12.02.2024 02:00,0,0.825189584
12.02.2024 03:00,0,0.931762193
12.02.2024 04:00,0,1.020249638
12.02.2024 05:00,0,1.092870996
12.02.2024 06:00,0.05,1.150431679
12.02.2024 07:00,0.57,1.247411846
12.02.2024 08:00,2.03,1.825293285
12.02.2024 09:00,7.42,3.311839039
12.02.2024 10:00,7.04,8.784605908
12.02.2024 11:00,4.75,7.357107851
12.02.2024 12:00,5.24,4.638610266
12.02.2024 13:00,4.93,5.163559697
12.02.2024 14:00,3.92,4.702731941
12.02.2024 15:00,2.46,3.512436938
12.02.2024 16:00,0.46,1.995030226
12.02.2024 17:00,0,0.039830786
12.02.2024 18:00,0,-0.096568343
12.02.2024 19:00,0,0.080452149
12.02.2024 20:00,0,0.188629677
12.02.2024 21:00,0,0.285709162
12.02.2024 22:00,0,0.371776162
12.02.2024 23:00,0,0.399329742
13.02.2024 00:00,0,0.512530322
13.02.2024 01:00,0,0.540530414
13.02.2024 02:00,0,0.593306511
13.02.2024 03:00,0,0.650739177
13.02.2024 04:00,0,0.679212533
13.02.2024 05:00,0,0.699778241
13.02.2024 06:00,0,0.712952113
13.02.2024 07:00,0.64,0.719197695
13.02.2024 08:00,2.32,1.404495166
13.02.2024 09:00,3.21,3.084912314
13.02.2024 10:00,5.64,3.696355854
13.02.2024 11:00,4.24,6.03095745
13.02.2024 12:00,5.02,3.955617315
13.02.2024 13:00,3.41,4.814352526
13.02.2024 14:00,4.13,2.788892095
13.02.2024 15:00,0.78,3.65158433
13.02.2024 16:00,0.22,-0.141607928
13.02.2024 17:00,0,-0.255420868
13.02.2024 18:00,0,-0.327043935
13.02.2024 19:00,0,-0.201397645
13.02.2024 20:00,0,-0.110463757
13.02.2024 21:00,0,-0.026705943
13.02.2024 22:00,0,0.049890049
13.02.2024 23:00,0,0.095670278
14.02.2024 00:00,0,0.181583702
14.02.2024 01:00,0,0.231345999
14.02.2024 02:00,0,0.287375979
14.02.2024 03:00,0,0.327630005
14.02.2024 04:00,0,0.363296816
14.02.2024 05:00,0,0.393118564
14.02.2024 06:00,0.03,0.417124432
14.02.2024 07:00,2.1,0.46786158
14.02.2024 08:00,4.32,2.690230286
14.02.2024 09:00,4.92,4.709106481
14.02.2024 10:00,4.33,4.80140505
14.02.2024 11:00,2.75,3.950570881
14.02.2024 12:00,1.8,2.171548007
14.02.2024 13:00,2.46,1.356613457
14.02.2024 14:00,2.21,2.105579069
14.02.2024 15:00,2.61,1.718317824
14.02.2024 16:00,1,2.159912017
14.02.2024 17:00,0.01,0.355286819
14.02.2024 18:00,0,-0.446231038
14.02.2024 19:00,0,-0.22902425
14.02.2024 20:00,0,-0.130680031
14.02.2024 21:00,0,-0.041143789
14.02.2024 22:00,0,0.040827014
14.02.2024 23:00,0,0.108536468
15.02.2024 00:00,0,0.182166346
15.02.2024 01:00,0,0.245955486
15.02.2024 02:00,0,0.303058376
15.02.2024 03:00,0,0.339650042
15.02.2024 04:00,0,0.378416904
15.02.2024 05:00,0,0.410775631
15.02.2024 06:00,0.09,0.437045257
15.02.2024 07:00,2.68,0.553790287
15.02.2024 08:00,6.66,3.323651054
15.02.2024 09:00,9.26,7.132752403
15.02.2024 10:00,9.85,9.016974663
15.02.2024 11:00,9.5,8.988560742
15.02.2024 12:00,4.39,8.137850916
15.02.2024 13:00,5.38,2.420089355
15.02.2024 14:00,5.39,4.037394025
15.02.2024 15:00,2.68,3.851156786
15.02.2024 16:00,0.91,0.895098662
15.02.2024 17:00,0.04,-0.559817801
15.02.2024 18:00,0,-1.078183882
15.02.2024 19:00,0,-0.786390018
15.02.2024 20:00,0,-0.567321439
15.02.2024 21:00,0,-0.367710114
15.02.2024 22:00,0,-0.182812924
15.02.2024 23:00,0,-0.035688314
16.02.2024 00:00,0,0.142302035
16.02.2024 01:00,0,0.289246805
16.02.2024 02:00,0,0.427340352
16.02.2024 03:00,0,0.519317917
16.02.2024 04:00,0,0.616529645
16.02.2024 05:00,0,0.699098645
16.02.2024 06:00,0.14,0.768786354
16.02.2024 07:00,2.6,0.978955899
16.02.2024 08:00,4.75,3.633941211
16.02.2024 09:00,6.42,5.53184765
16.02.2024 10:00,4.07,6.768905481
16.02.2024 11:00,7.82,3.855096807
16.02.2024 12:00,8.36,8.037716234
16.02.2024 13:00,8.04,8.003713434
16.02.2024 14:00,5.27,7.1326594
16.02.2024 15:00,1.57,3.959030339
16.02.2024 16:00,0.3,0.267499494
16.02.2024 17:00,0,-0.505032933
16.02.2024 18:00,0,-0.485435425
16.02.2024 19:00,0,-0.263776836
16.02.2024 20:00,0,-0.093909793
16.02.2024 21:00,0,0.061633995
16.02.2024 22:00,0,0.203458733
16.02.2024 23:00,0,0.292650562
17.02.2024 00:00,0,0.443806635
17.02.2024 01:00,0,0.529561155
17.02.2024 02:00,0,0.625761064
17.02.2024 03:00,0,0.704784206
17.02.2024 04:00,0,0.766853285
17.02.2024 05:00,0,0.81728151
17.02.2024 06:00,0.01,0.856954799
17.02.2024 07:00,0.64,0.896865749
17.02.2024 08:00,1.33,1.588851875
17.02.2024 09:00,2.96,2.226573327
17.02.2024 10:00,3.88,3.798418297
17.02.2024 11:00,4.47,4.459511213
17.02.2024 12:00,3.1,4.793510891
17.02.2024 13:00,1.68,3.072989033
17.02.2024 14:00,0.5,1.597094301
17.02.2024 15:00,0.78,0.482503889
17.02.2024 16:00,0.32,0.961707365
17.02.2024 17:00,0.01,0.447309694
17.02.2024 18:00,0,0.207265412
17.02.2024 19:00,0,0.28087584
17.02.2024 20:00,0,0.320461763
17.02.2024 21:00,0,0.353545242
17.02.2024 22:00,0,0.380766883
17.02.2024 23:00,0,0.375002894
18.02.2024 00:00,0,0.419117716
18.02.2024 01:00,0,0.410338021
18.02.2024 02:00,0,0.420695044
18.02.2024 03:00,0,0.441123325
18.02.2024 04:00,0,0.440518598
18.02.2024 05:00,0,0.436263231
18.02.2024 06:00,0.01,0.428901552
18.02.2024 07:00,0.35,0.429464657
18.02.2024 08:00,1.03,0.779167792
18.02.2024 09:00,2.19,1.432169415
18.02.2024 10:00,1.16,2.499519767
18.02.2024 11:00,0.37,1.152674572
18.02.2024 12:00,1.09,0.377335342
18.02.2024 13:00,0.86,1.23609912
18.02.2024 14:00,1.48,0.846121333
18.02.2024 15:00,2.19,1.504577051
18.02.2024 16:00,0.79,2.124539648
18.02.2024 17:00,0.01,0.44511202
18.02.2024 18:00,0,-0.224896454
18.02.2024 19:00,0,-0.106913099
18.02.2024 20:00,0,-0.076392861
18.02.2024 21:00,0,-0.048961638
18.02.2024 22:00,0,-0.023722931
18.02.2024 23:00,0,-0.012382016
19.02.2024 00:00,0,0.02066403
19.02.2024 01:00,0,0.035625732
19.02.2024 02:00,0,0.055707608
19.02.2024 03:00,0,0.072188181
19.02.2024 04:00,0,0.085362097
19.02.2024 05:00,0,0.096873166
19.02.2024 06:00,0.06,0.106791145
19.02.2024 07:00,1.15,0.178699819
19.02.2024 08:00,2.92,1.340851087
19.02.2024 09:00,5.03,3.045229355
19.02.2024 10:00,5.75,4.907376821
19.02.2024 11:00,2.22,5.219675515
19.02.2024 12:00,1.1,1.101591944
19.02.2024 13:00,1.93,0.366083449
19.02.2024 14:00,1.64,1.379562471
19.02.2024 15:00,0.71,0.926301728
19.02.2024 16:00,0.25,0.010023328
19.02.2024 17:00,0.01,-0.305596858
19.02.2024 18:00,0,-0.420683111
19.02.2024 19:00,0,-0.309301211
19.02.2024 20:00,0,-0.221225176
19.02.2024 21:00,0,-0.140344315
19.02.2024 22:00,0,-0.065393925
19.02.2024 23:00,0,0.008275753
20.02.2024 00:00,0,0.066223491
20.02.2024 01:00,0,0.13792045
20.02.2024 02:00,0,0.192903447
20.02.2024 03:00,0,0.202521373
20.02.2024 04:00,0,0.193127402
20.02.2024 05:00,0,0.292127585
20.02.2024 06:00,0.15,0.302197732
20.02.2024 07:00,3.07,0.499427589
20.02.2024 08:00,6.83,3.671459126
20.02.2024 09:00,9.47,7.139115492
20.02.2024 10:00,9.85,9.067772505
20.02.2024 11:00,9.85,8.831918043
20.02.2024 12:00,9.77,8.392886155
20.02.2024 13:00,7.9,7.964933993
20.02.2024 14:00,8.13,5.673971469
20.02.2024 15:00,4.62,5.998667651
20.02.2024 16:00,3.14,2.069632874
20.02.2024 17:00,0.04,0.99593896
20.02.2024 18:00,0,-1.984790213
20.02.2024 19:00,0,-1.326672981
20.02.2024 20:00,0,-1.025865332
20.02.2024 21:00,0,-0.748192802
20.02.2024 22:00,0,-0.488842575
20.02.2024 23:00,0,-0.275012801
21.02.2024 00:00,0,-0.022897293
21.02.2024 01:00,0,0.17616079
21.02.2024 02:00,0,0.378160043
21.02.2024 03:00,0,0.52069022
21.02.2024 04:00,0,0.665221663
21.02.2024 05:00,0,0.785936606
21.02.2024 06:00,0.08,0.900017438
21.02.2024 07:00,2.38,1.078098526
21.02.2024 08:00,6.69,3.603950344
21.02.2024 09:00,9.28,7.873602748
21.02.2024 10:00,9.84,9.820224995
21.02.2024 11:00,7.75,9.730578374
21.02.2024 12:00,5.85,7.064474198
21.02.2024 13:00,5.42,5.053322955
21.02.2024 14:00,3.21,4.687683993
21.02.2024 15:00,4.04,2.297584854
21.02.2024 16:00,2.89,3.514369346
21.02.2024 17:00,0.04,2.184062875
21.02.2024 18:00,0,-0.653141002
21.02.2024 19:00,0,-0.127839368
21.02.2024 20:00,0,0.070845801
21.02.2024 21:00,0,0.247820184
21.02.2024 22:00,0,0.406770869
21.02.2024 23:00,0,0.523277833
22.02.2024 00:00,0,0.673333096
22.02.2024 01:00,0,0.763230489
22.02.2024 02:00,0,0.866085139
22.02.2024 03:00,0,0.951831149
22.02.2024 04:00,0,1.014729374
22.02.2024 05:00,0,1.063837722
22.02.2024 06:00,0.06,1.100049383
22.02.2024 07:00,1.07,1.187832245
22.02.2024 08:00,3.02,2.272497553
22.02.2024 09:00,3.17,4.182557773
22.02.2024 10:00,6.04,3.929900404
22.02.2024 11:00,5.37,6.840880386
22.02.2024 12:00,1.98,5.477792218
22.02.2024 13:00,2.69,1.764972915
22.02.2024 14:00,2.24,2.84953071
22.02.2024 15:00,0.6,2.204603197
22.02.2024 16:00,0.13,0.468300269
22.02.2024 17:00,0.01,0.206230855
22.02.2024 18:00,0,0.198164949
22.02.2024 19:00,0,0.262691182
22.02.2024 20:00,0,0.317002185
22.02.2024 21:00,0,0.362711591
22.02.2024 22:00,0,0.401353586
22.02.2024 23:00,0,0.393584434
23.02.2024 00:00,0,0.458634201
23.02.2024 01:00,0,0.451170191
23.02.2024 02:00,0,0.470615839
23.02.2024 03:00,0,0.500811834
23.02.2024 04:00,0,0.504022235
23.02.2024 05:00,0,0.503113492
23.02.2024 06:00,0.16,0.498158097
23.02.2024 07:00,2.41,0.661104412
23.02.2024 08:00,5.25,3.032999383
23.02.2024 09:00,5.53,5.658042872
23.02.2024 10:00,8.12,5.24657733
23.02.2024 11:00,8.24,7.817860038
23.02.2024 12:00,3.99,7.260293366
23.02.2024 13:00,5.76,2.404441054
23.02.2024 14:00,7.75,4.726420411
23.02.2024 15:00,3.1,6.493543417
23.02.2024 16:00,1.3,1.036589684
23.02.2024 17:00,0.12,-0.259338761
23.02.2024 18:00,0,-1.152627926
23.02.2024 19:00,0,-0.93262863
23.02.2024 20:00,0,-0.721828339
23.02.2024 21:00,0,-0.537653728
23.02.2024 22:00,0,-0.365435942
23.02.2024 23:00,0,-0.227210576
24.02.2024 00:00,0,-0.057822394
24.02.2024 01:00,0,0.085964113
24.02.2024 02:00,0,0.222918511
24.02.2024 03:00,0,0.309689618
24.02.2024 04:00,0,0.407467552
24.02.2024 05:00,0,0.493303841
24.02.2024 06:00,0.25,0.567486449
24.02.2024 07:00,3.52,0.898264823
24.02.2024 08:00,7.14,4.409094036
24.02.2024 09:00,9.53,7.742038941
24.02.2024 10:00,9.85,9.448969234
24.02.2024 11:00,9.89,9.184737865
24.02.2024 12:00,9.83,8.815191222
24.02.2024 13:00,9.89,8.411943444
24.02.2024 14:00,9.56,8.19828396
24.02.2024 15:00,6.94,7.585021879
24.02.2024 16:00,2.93,4.622392512
24.02.2024 17:00,0.11,0.623637009
24.02.2024 18:00,0,-1.70253113
24.02.2024 19:00,0,-1.135256891
24.02.2024 20:00,0,-0.80817741
24.02.2024 21:00,0,-0.515773019
24.02.2024 22:00,0,-0.245260365
24.02.2024 23:00,0,-0.034446743
25.02.2024 00:00,0,0.230076722
25.02.2024 01:00,0,0.432495321
25.02.2024 02:00,0,0.632453637
25.02.2024 03:00,0,0.779140505
25.02.2024 04:00,0,0.919843978
25.02.2024 05:00,0,1.042814516
25.02.2024 06:00,0.28,1.14161733
25.02.2024 07:00,3.59,1.524637425
25.02.2024 08:00,7.26,5.090073493
25.02.2024 09:00,9.53,8.476984089
25.02.2024 10:00,9.88,10.03861529
25.02.2024 11:00,9.87,9.824864112
25.02.2024 12:00,9.84,9.38934774
25.02.2024 13:00,9.85,9.092463126
25.02.2024 14:00,9.52,8.726653847
25.02.2024 15:00,7.03,8.103104433
25.02.2024 16:00,3.38,5.2586682
25.02.2024 17:00,0.18,1.602632964
25.02.2024 18:00,0,-1.699540901
25.02.2024 19:00,0,-0.862701762
25.02.2024 20:00,0,-0.40486055
25.02.2024 21:00,0,-0.140601833
25.02.2024 22:00,0,0.101568225
25.02.2024 23:00,0,0.257258375
26.02.2024 00:00,0,0.51988344
26.02.2024 01:00,0,0.663792895
26.02.2024 02:00,0,0.837041286
26.02.2024 03:00,0,0.986571791
26.02.2024 04:00,0,1.101437309
26.02.2024 05:00,0,1.197175634
26.02.2024 06:00,0.32,1.274538126
26.02.2024 07:00,2.43,1.677343391
26.02.2024 08:00,5.7,3.92643886
26.02.2024 09:00,7.03,7.072237252
26.02.2024 10:00,5.61,7.788987636
26.02.2024 11:00,5.14,5.829698979
26.02.2024 12:00,6.17,5.294949385
26.02.2024 13:00,5.43,6.28983547
26.02.2024 14:00,5.26,5.157204522
26.02.2024 15:00,3.7,4.918702586
26.02.2024 16:00,1.22,3.142380446
26.02.2024 17:00,0.1,0.648697944
26.02.2024 18:00,0,-0.139480372
26.02.2024 19:00,0,0.041658752
26.02.2024 20:00,0,0.191916042
26.02.2024 21:00,0,0.315375643
26.02.2024 22:00,0,0.425604933
26.02.2024 23:00,0,0.473467293
27.02.2024 00:00,0,0.606926736
27.02.2024 01:00,0,0.651702365
27.02.2024 02:00,0,0.720130851
27.02.2024 03:00,0,0.786459237
27.02.2024 04:00,0,0.823953917
27.02.2024 05:00,0,0.85116515
27.02.2024 06:00,0.07,0.868850701
27.02.2024 07:00,0.99,0.952979788
27.02.2024 08:00,3.16,1.928027232
27.02.2024 09:00,7.3,4.083013481
27.02.2024 10:00,9.5,8.043558803
27.02.2024 11:00,9.88,9.55314381
27.02.2024 12:00,5.85,9.241731369
27.02.2024 13:00,8.33,4.508765753
27.02.2024 14:00,6.28,7.46273624
27.02.2024 15:00,6.09,4.681584296
27.02.2024 16:00,2.42,4.609015783
27.02.2024 17:00,0.15,0.601843332
27.02.2024 18:00,0,-1.257529751
27.02.2024 19:00,0,-0.907472228
27.02.2024 20:00,0,-0.670541723
27.02.2024 21:00,0,-0.466352898
27.02.2024 22:00,0,-0.276327565
27.02.2024 23:00,0,-0.143329279
28.02.2024 00:00,0,0.060316207
28.02.2024 01:00,0,0.197022274
28.02.2024 02:00,0,0.344739827
28.02.2024 03:00,0,0.455942473
28.02.2024 04:00,0,0.559393977
28.02.2024 05:00,0,0.649164763
28.02.2024 06:00,0.45,0.725670413
28.02.2024 07:00,3.82,1.271828647
28.02.2024 08:00,7.35,4.855875032
28.02.2024 09:00,9.62,8.063290634
28.02.2024 10:00,9.86,9.630846703
28.02.2024 11:00,9.86,9.300116092
28.02.2024 12:00,9.85,8.896937486
28.02.2024 13:00,9.74,8.654852716
28.02.2024 14:00,9.59,8.146012341
28.02.2024 15:00,7.16,7.753003406
28.02.2024 16:00,3.31,4.962220131
28.02.2024 17:00,0.22,1.095188844
28.02.2024 18:00,0,-1.563313902
28.02.2024 19:00,0,-1.086510743
28.02.2024 20:00,0,-0.747795463
28.02.2024 21:00,0,-0.460346236
28.02.2024 22:00,0,-0.190410746
28.02.2024 23:00,0,0.016767506
29.02.2024 00:00,0,0.27892426
29.02.2024 01:00,0,0.477507135
29.02.2024 02:00,0,0.675715222
29.02.2024 03:00,0,0.818756756
29.02.2024 04:00,0,0.956478744
29.02.2024 05:00,0,1.073981574
29.02.2024 06:00,0.4,1.172148042
29.02.2024 07:00,3.79,1.681184583
29.02.2024 08:00,7.42,5.30987453
29.02.2024 09:00,9.64,8.631217385
29.02.2024 10:00,9.9,10.13070237
29.02.2024 11:00,9.84,9.822974298
29.02.2024 12:00,9.89,9.344709581
29.02.2024 13:00,9.87,9.129101612
29.02.2024 14:00,9.51,8.729418858
29.02.2024 15:00,7.12,8.075432501
29.02.2024 16:00,3.43,5.346084534
29.02.2024 17:00,0.28,1.341507784
29.02.2024 18:00,0,-1.140619815
29.02.2024 19:00,0,-0.747913974
29.02.2024 20:00,0,-0.421012606
29.02.2024 21:00,0,-0.155151099
29.02.2024 22:00,0,0.088721765
29.02.2024 23:00,0,0.245806833
1.03.2024 00:00,0,0.510421978
1.03.2024 01:00,0,0.657232915
1.03.2024 02:00,0,0.832704275
1.03.2024 03:00,0,0.98171098
1.03.2024 04:00,0,1.097549298
1.03.2024 05:00,0,1.231939388
1.03.2024 06:00,0.37,1.272920502
1.03.2024 07:00,2.89,1.730903886
1.03.2024 08:00,6.86,4.413074863
1.03.2024 09:00,7.68,8.236590044
1.03.2024 10:00,8.03,8.255058868
1.03.2024 11:00,8.81,8.23935162
1.03.2024 12:00,7.52,8.712572519
1.03.2024 13:00,7.35,6.898748727
1.03.2024 14:00,6.96,6.651655484
1.03.2024 15:00,3.96,6.058197217
1.03.2024 16:00,2.14,2.736959531
1.03.2024 17:00,0.06,1.186945263
1.03.2024 18:00,0,-0.697096937
1.03.2024 19:00,0,-0.281708396
1.03.2024 20:00,0,-0.073888289
1.03.2024 21:00,0,0
1.03.2024 22:00,0,0.275565797
1.03.2024 23:00,0,0.375630341
2.03.2024 00:00,,0.433608482
2.03.2024 01:00,,0.590087327
2.03.2024 02:00,,0.758198418
2.03.2024 03:00,,0.884849731
2.03.2024 04:00,,0.996465245
2.03.2024 05:00,,1.089868148
2.03.2024 06:00,,1.166074385
2.03.2024 07:00,,2.646320694
2.03.2024 08:00,,2.786466607
2.03.2024 09:00,,3.154037899
2.03.2024 10:00,,8.268134141
3.03.2024 11:00,,8.905671869
2.03.2024 12:00,,8.273358566
2.03.2024 13:00,,8.467193837
2.03.2024 14:00,,7.18438751
2.03.2024 15:00,,3.295374148
2.03.2024 16:00,,0.291478106
2.03.2024 17:00,,0.07242893
2.03.2024 18:00,,-0.248011436
2.03.2024 19:00,,-0.06089109
2.03.2024 20:00,,0.104815177
2.03.2024 21:00,,0.248854209
2.03.2024 22:00,,0.377833514
2.03.2024 23:00,,0.440708161
3.03.2024 00:00,0,0.257044625
3.03.2024 01:00,0,0.392009387
3.03.2024 02:00,0,0.537913126
3.03.2024 03:00,0,0.650274888
3.03.2024 04:00,0,0.754153158
3.03.2024 05:00,0,0.834808444
3.03.2024 06:00,0.01,0.908112464
3.03.2024 07:00,0.04,0.972685595
3.03.2024 08:00,0.2,1.046833819
3.03.2024 09:00,0.76,1.244393781
3.03.2024 10:00,0.78,1.881561598
3.03.2024 11:00,1.78,1.75792012
3.03.2024 12:00,4.59,2.794861668
3.03.2024 13:00,4.81,5.618601726
3.03.2024 14:00,7.61,5.241208878
3.03.2024 15:00,3.04,0
3.03.2024 16:00,1.4,2.390120817
3.03.2024 17:00,0.07,1.132859041
3.03.2024 18:00,0,-0.076734947
3.03.2024 19:00,0,0.091966143
3.03.2024 20:00,0,0.170354082
3.03.2024 21:00,0,0.23230697
3.03.2024 22:00,0,0.286932646
3.03.2024 23:00,0,0.292077709
4.03.2024 00:00,0,0.374798267
4.03.2024 01:00,0,0.374625419
4.03.2024 02:00,0,0.407964194
4.03.2024 03:00,0,0.457349206
4.03.2024 04:00,0,0.472961625
4.03.2024 05:00,0,0.483327658
4.03.2024 06:00,0.38,0.488578419
4.03.2024 07:00,2.53,0.897219681
4.03.2024 08:00,5.85,3.134137657
4.03.2024 09:00,9.07,6.310610779
4.03.2024 10:00,9.14,8.938992138
4.03.2024 11:00,4.91,8.275389144
4.03.2024 12:00,4.32,3.34509789
4.03.2024 13:00,1.25,3.133435466
4.03.2024 14:00,3.72,-0.162802846
4.03.2024 15:00,1.67,2.977277531
4.03.2024 16:00,1.95,0.430799384
4.03.2024 17:00,0.03,1.078654387
4.03.2024 18:00,0,-0.946231181
4.03.2024 19:00,0,-0.565880522
4.03.2024 20:00,0,-0.403497109
4.03.2024 21:00,0,-0.255501654
4.03.2024 22:00,0,-0.118353897
4.03.2024 23:00,0,0.00365169
5.03.2024 00:00,0,0.122712462
5.03.2024 01:00,0,0.237462995
5.03.2024 02:00,0,0.342699215
5.03.2024 03:00,0,0.401728932
5.03.2024 04:00,0,0.473355274
5.03.2024 05:00,0,0.534823783
5.03.2024 06:00,0.69,0.586443285
5.03.2024 07:00,3.92,1.368962124
5.03.2024 08:00,7.46,4.744746286
5.03.2024 09:00,9.72,7.962281841
5.03.2024 10:00,9.85,9.507395104
5.03.2024 11:00,9.9,9.03956448
5.03.2024 12:00,9.76,8.70118653
5.03.2024 13:00,9.85,8.209825273
5.03.2024 14:00,9.64,8.038632366
5.03.2024 15:00,6.02,7.552063861
5.03.2024 16:00,1.42,3.491855981
5.03.2024 17:00,0.14,-0.965879962
5.03.2024 18:00,0,-1.486891701
5.03.2024 19:00,0,-1.15707364
5.03.2024 20:00,0,-0.834773266
5.03.2024 21:00,0,-0.550171389
5.03.2024 22:00,0,-0.286271014
5.03.2024 23:00,0,-0.088690292
6.03.2024 00:00,0,0.179482439
6.03.2024 01:00,0,0.383546256
6.03.2024 02:00,0,0.580189786
6.03.2024 03:00,0,0.720683511
6.03.2024 04:00,0,0.860189669
6.03.2024 05:00,0,0.979985035
6.03.2024 06:00,0.41,1.081335938
6.03.2024 07:00,1.66,1.604830943
6.03.2024 08:00,4,2.940549469
6.03.2024 09:00,1.97,5.262644492
6.03.2024 10:00,1.67,2.688558994
6.03.2024 11:00,1.39,2.521253234
6.03.2024 12:00,1.44,2.225774649
6.03.2024 13:00,1.82,2.315475537
6.03.2024 14:00,1.96,2.662448872
6.03.2024 15:00,2.22,2.709988798
6.03.2024 16:00,1.12,2.909071358
6.03.2024 17:00,0.16,1.618698723
6.03.2024 18:00,0,0.711790835
6.03.2024 19:00,0,0.689538021
6.03.2024 20:00,0,0.736032455
6.03.2024 21:00,0,0.753470261
6.03.2024 22:00,0,0.76286432
6.03.2024 23:00,0,0.727780351
7.03.2024 00:00,0,0.760618536
7.03.2024 01:00,0,0.709557868
7.03.2024 02:00,0,0.693634094
7.03.2024 03:00,0,0.713182077
7.03.2024 04:00,0,0.687991484
7.03.2024 05:00,0,0.659072862
7.03.2024 06:00,0.32,0.627017225
7.03.2024 07:00,1.53,0.936074511
7.03.2024 08:00,2.6,2.144292457
7.03.2024 09:00,6.58,3.026787118
7.03.2024 10:00,5.26,6.887357666
7.03.2024 11:00,4.76,4.734739312
7.03.2024 12:00,2.94,4.124107222
7.03.2024 13:00,1.79,1.624289652
7.03.2024 14:00,2.82,0.96042816
7.03.2024 15:00,5.1,2.209243998
7.03.2024 16:00,3.57,0
7.03.2024 17:00,0.36,2.383034447
7.03.2024 18:00,0,-0.926486652
7.03.2024 19:00,0,-0.781180097
7.03.2024 20:00,0,-0.603370415
7.03.2024 21:00,0,-0.47837591
7.03.2024 22:00,0,-0.360965387
7.03.2024 23:00,0,-0.274948945
8.03.2024 00:00,0,-0.149538451
8.03.2024 01:00,0,-0.0640582
8.03.2024 02:00,0,0.036431801
8.03.2024 03:00,0,0.110575095
8.03.2024 04:00,0,0.181288941
8.03.2024 05:00,0,0.24413784
8.03.2024 06:00,0.85,0.299511438
8.03.2024 07:00,3.41,1.260285877
8.03.2024 08:00,7.86,3.898276413
8.03.2024 09:00,9.46,8.216675767
8.03.2024 10:00,9.75,9.007278681
8.03.2024 11:00,8.77,8.738518033
8.03.2024 12:00,9.75,7.286458911
8.03.2024 13:00,9.67,8.215852986
8.03.2024 14:00,8,7.713910132
8.03.2024 15:00,2.65,5.696699633
8.03.2024 16:00,1.71,0.049762259
8.03.2024 17:00,0.15,-0.084600824
8.03.2024 18:00,0,-1.410710388
8.03.2024 19:00,0,-1.071319347
8.03.2024 20:00,0,-0.762898794
8.03.2024 21:00,0,-0.493564891
8.03.2024 22:00,0,-0.243715835
8.03.2024 23:00,0,-0.017462127
9.03.2024 00:00,0,0.194826858
9.03.2024 01:00,0,0.409707695
9.03.2024 02:00,0,0.595129358
9.03.2024 03:00,0,0.700181363
9.03.2024 04:00,0,0.829231061
9.03.2024 05:00,0,0.939718395
9.03.2024 06:00,0,1.032244207
9.03.2024 07:00,0.09,1.107462236
9.03.2024 08:00,0.23,1.263228581
9.03.2024 09:00,0.85,1.440632752
9.03.2024 10:00,1.69,2.170458024
9.03.2024 11:00,0.94,2.912832452
9.03.2024 12:00,2.03,1.925637097
9.03.2024 13:00,5.85,3.140132789
9.03.2024 14:00,5.52,7.028209797
9.03.2024 15:00,2.28,5.895345056
9.03.2024 16:00,1.81,2.208948671
9.03.2024 17:00,0.35,2.058486217
9.03.2024 18:00,0,0.513758807
9.03.2024 19:00,0,0.362693509
9.03.2024 20:00,0,0.455891694
9.03.2024 21:00,0,0.49596008
9.03.2024 22:00,0,0.528280601
9.03.2024 23:00,0,0.498939872
10.03.2024 00:00,0,0.571704183
10.03.2024 01:00,0,0.524449054
10.03.2024 02:00,0,0.534955905
10.03.2024 03:00,0,0.59217393
10.03.2024 04:00,0,0.585103157
10.03.2024 05:00,0,0.58017427
10.03.2024 06:00,0.23,0.573903283
10.03.2024 07:00,1.39,0.793236732
10.03.2024 08:00,5.37,1.980879008
10.03.2024 09:00,9.85,6.023866198
10.03.2024 10:00,7.27,9.991558921
10.03.2024 11:00,6.46,6.209158849
10.03.2024 12:00,4.5,5.366701186
10.03.2024 13:00,3.78,2.968621482
10.03.2024 14:00,4.1,2.524817488
10.03.2024 15:00,4.16,2.920538128
10.03.2024 16:00,2.05,2.899393013
10.03.2024 17:00,0.18,0.588197491
10.03.2024 18:00,0,-1.064581
10.03.2024 19:00,0,-0.835595472
10.03.2024 20:00,0,-0.632215213
10.03.2024 21:00,0,-0.464369191
10.03.2024 22:00,0,-0.307921701
10.03.2024 23:00,0,-0.190333276
11.03.2024 00:00,0,-0.018111223
11.03.2024 01:00,0,0.094265574
11.03.2024 02:00,0,0.218755693
11.03.2024 03:00,0,0.300053601
11.03.2024 04:00,0,0.388267526
11.03.2024 05:00,0,0.463393987
11.03.2024 06:00,1.06,0.528982967
11.03.2024 07:00,4.55,1.723941205
11.03.2024 08:00,8.09,5.331022077
11.03.2024 09:00,9.81,8.500923582
11.03.2024 10:00,9.87,9.460990618
11.03.2024 11:00,9.85,8.992048007
11.03.2024 12:00,9.88,8.602701037
11.03.2024 13:00,9.83,8.349626906
11.03.2024 14:00,9.6,7.989708136
11.03.2024 15:00,7.29,7.527211791
11.03.2024 16:00,3.68,4.834502229
11.03.2024 17:00,0.42,1.185684783
11.03.2024 18:00,0,-1.610803997
11.03.2024 19:00,0,-1.30832847
11.03.2024 20:00,0,-0.921232726
11.03.2024 21:00,0,-0.611456731
11.03.2024 22:00,0,-0.324363711
11.03.2024 23:00,0,-0.085304599
12.03.2024 00:00,0,0.186693832
12.03.2024 01:00,0,0.408078344
12.03.2024 02:00,0,0.621800278
12.03.2024 03:00,0,0.761494038
12.03.2024 04:00,0,0.911028239
12.03.2024 05:00,0,1.038868048
12.03.2024 06:00,0.94,1.147137451
12.03.2024 07:00,3.71,2.24785043
12.03.2024 08:00,7.07,4.552337644
12.03.2024 09:00,0,6.5
12.03.2024 10:00,9.71,9.366548682
12.03.2024 11:00,9.87,9.800979555
12.03.2024 12:00,9.85,9.487470245
12.03.2024 13:00,9.88,9.236791014
12.03.2024 14:00,9.64,8.856991719
12.03.2024 15:00,7.42,8.311169607
12.03.2024 16:00,3.64,5.733014992
12.03.2024 17:00,0.47,1.875380555
12.03.2024 18:00,0,-0.914616068
12.03.2024 19:00,0,-0.721095063
12.03.2024 20:00,0,-0.370963825
12.03.2024 21:00,0,-0.103758812
12.03.2024 22:00,0,0.137950918
12.03.2024 23:00,0,0.289131059
13.03.2024 00:00,0,0.555501795
13.03.2024 01:00,0,0.694228748
13.03.2024 02:00,0,0.86628601
13.03.2024 03:00,0,1.017244427
13.03.2024 04:00,0,1.129703637
13.03.2024 05:00,0,1.222825791
13.03.2024 06:00,0.78,1.297586841
13.03.2024 07:00,3.25,2.194279604
13.03.2024 08:00,5.43,4.752747836
13.03.2024 09:00,6.7,6.644591926
13.03.2024 10:00,7.57,7.407334647
13.03.2024 11:00,6.66,7.976222003
13.03.2024 12:00,7,6.577342719
13.03.2024 13:00,5.43,6.754082571
13.03.2024 14:00,3.17,4.868237173
13.03.2024 15:00,1.51,2.516055803
13.03.2024 16:00,0.45,1.026918209
13.03.2024 17:00,0.09,0.190724305
13.03.2024 18:00,0,0.076046907
13.03.2024 19:00,0,0.166380664
13.03.2024 20:00,0,0.308781516
13.03.2024 21:00,0,0.424948148
13.03.2024 22:00,0,0.52719301
13.03.2024 23:00,0,0.56819877
14.03.2024 00:00,0,0.691556998
14.03.2024 01:00,0,0.728537617
14.03.2024 02:00,0,0.788120321
14.03.2024 03:00,0,0.845343517
14.03.2024 04:00,0,0.874374966
14.03.2024 05:00,0,0.893592318
14.03.2024 06:00,0.81,0.903510094
14.03.2024 07:00,3.27,1.777441332
14.03.2024 08:00,7.16,4.277329243
14.03.2024 09:00,8.52,7.972108229
14.03.2024 10:00,9.66,8.507713473
14.03.2024 11:00,7.61,9.235289752
14.03.2024 12:00,9.26,6.471286546
14.03.2024 13:00,8.14,8.136455903
14.03.2024 14:00,6.19,6.525574951
14.03.2024 15:00,1.03,4.364796969
14.03.2024 16:00,0.17,-1.025686159
14.03.2024 17:00,0,-1.082524155
14.03.2024 18:00,0,-0.923415052
14.03.2024 19:00,0,-0.675792908
14.03.2024 20:00,0,-0.465329611
14.03.2024 21:00,0,-0.269898735
14.03.2024 22:00,0,-0.0898769
14.03.2024 23:00,0,0.041320386
15.03.2024 00:00,0,0.223913537
15.03.2024 01:00,0,0.362623496
15.03.2024 02:00,0,0.497675607
15.03.2024 03:00,0,0.581626059
15.03.2024 04:00,0,0.672091062
15.03.2024 05:00,0,0.748900298
15.03.2024 06:00,0.21,0.812687718
15.03.2024 07:00,1.82,1.090092201
15.03.2024 08:00,3.51,2.824876049
15.03.2024 09:00,3.42,4.372648931
15.03.2024 10:00,2.42,3.901972226
15.03.2024 11:00,4.88,2.712654687
15.03.2024 12:00,4.62,5.417658096
15.03.2024 13:00,8.24,4.614361988
15.03.2024 14:00,6.49,8.391364067
15.03.2024 15:00,2.96,5.708946417
15.03.2024 16:00,0.46,1.933047259
15.03.2024 17:00,0.14,-0.301470633
15.03.2024 18:00,0,-0.194424132
15.03.2024 19:00,0,-0.17129973
15.03.2024 20:00,0,-0.024512546
15.03.2024 21:00,0,0.092615088
15.03.2024 22:00,0,0.198621224
15.03.2024 23:00,0,0.252660655
16.03.2024 00:00,0,0.377380798
16.03.2024 01:00,0,0.431237958
16.03.2024 02:00,0,0.501658347
16.03.2024 03:00,0,0.567298659
16.03.2024 04:00,0,0.611172902
16.03.2024 05:00,0,0.646123989
16.03.2024 06:00,1.23,0.672614305
16.03.2024 07:00,4.54,2.014954668
16.03.2024 08:00,7.33,5.366402347
16.03.2024 09:00,7.69,7.721565649
16.03.2024 10:00,8.25,7.278000633
16.03.2024 11:00,7.66,7.641936676
16.03.2024 12:00,3.29,6.618288425
16.03.2024 13:00,9.02,1.803923417
16.03.2024 14:00,7.73,8.477135136
16.03.2024 15:00,3.06,6.066718861
16.03.2024 16:00,1.5,1.036019793
16.03.2024 17:00,0.5,0.051978909
16.03.2024 18:00,0,-0.653040834
16.03.2024 19:00,0,-0.857554566
16.03.2024 20:00,0,-0.240568078
16.03.2024 21:00,0,-0.348314796
16.03.2024 22:00,0,-0.025507303
16.03.2024 23:00,0,-0.017741216
17.03.2024 00:00,0,0.270244354
17.03.2024 01:00,0,0.320056498
17.03.2024 02:00,0,0.467011011
17.03.2024 03:00,0,0.566418033
17.03.2024 04:00,0,0.665443433
17.03.2024 05:00,0,0.750315451
17.03.2024 06:00,0.81,0.825318881
17.03.2024 07:00,3.06,1.735606203
17.03.2024 08:00,5,4.07073906
17.03.2024 09:00,6.87,5.789481442
17.03.2024 10:00,8.47,7.251859893
17.03.2024 11:00,9.74,8.550868717
17.03.2024 12:00,9.25,9.322788833
17.03.2024 13:00,9.25,8.390253788
17.03.2024 14:00,5,8.026665195
17.03.2024 15:00,2.84,3.191909594
17.03.2024 16:00,0.82,1.40426298
17.03.2024 17:00,0.14,-0.384346335
17.03.2024 18:00,0,-0.654873787
17.03.2024 19:00,0,-0.486069121
17.03.2024 20:00,0,-0.252851334
17.03.2024 21:00,0,-0.0534883
17.03.2024 22:00,0,0.127476408
17.03.2024 23:00,0,0.256200797
18.03.2024 00:00,0,0.439122944
18.03.2024 01:00,0,0.56337641
18.03.2024 02:00,0,0.689534776
18.03.2024 03:00,0,0.779363475
18.03.2024 04:00,0,0.865045471
18.03.2024 05:00,0,0.933057292
18.03.2024 06:00,0.6,0.988410743
18.03.2024 07:00,2.26,1.662545949
18.03.2024 08:00,7.39,3.382139568
18.03.2024 09:00,5.98,8.593770952
18.03.2024 10:00,8.01,6.128405958
18.03.2024 11:00,8.17,8.184167874
18.03.2024 12:00,7.3,7.767370065
18.03.2024 13:00,3.31,6.623238397
18.03.2024 14:00,0.75,2.107620795
18.03.2024 15:00,1.6,-0.125017708
18.03.2024 16:00,0.99,1.257312095
18.03.2024 17:00,0.28,0.574445771
18.03.2024 18:00,0,-5.87E-05
18.03.2024 19:00,0,-0.070463841
18.03.2024 20:00,0,0.105871223
18.03.2024 21:00,0,0.229704346
18.03.2024 22:00,0,0.342158164
18.03.2024 23:00,0,0.410342595
19.03.2024 00:00,0,0.529278374
19.03.2024 01:00,0,0.591257703
19.03.2024 02:00,0,0.663404586
19.03.2024 03:00,0,0.720971761
19.03.2024 04:00,0,0.762875554
19.03.2024 05:00,0.03,0.794388549
19.03.2024 06:00,1.04,0.849271266
19.03.2024 07:00,4.54,1.943647924
19.03.2024 08:00,6.8,5.531526157
19.03.2024 09:00,8.14,7.284962271
19.03.2024 10:00,8.62,7.951405346
19.03.2024 11:00,7.68,8.10160353
19.03.2024 12:00,8.03,6.685139048
19.03.2024 13:00,6.86,6.921692557
19.03.2024 14:00,9.78,5.379841996
19.03.2024 15:00,6.83,8.52410528
19.03.2024 16:00,4.03,4.697841865
19.03.2024 17:00,0.66,1.985288689
19.03.2024 18:00,0,-1.197770576
19.03.2024 19:00,0,-1.217395217
19.03.2024 20:00,0,-0.859468113
19.03.2024 21:00,0,-0.604860208
19.03.2024 22:00,0,-0.368244002
19.03.2024 23:00,0,-0.196225612
20.03.2024 00:00,0,0.049992572
20.03.2024 01:00,0,0.219866923
20.03.2024 02:00,0,0.405312921
20.03.2024 03:00,0,0.540864127
20.03.2024 04:00,0,0.668989955
20.03.2024 05:00,0.05,0.780051198
20.03.2024 06:00,1.39,0.928615234
20.03.2024 07:00,3.67,2.44121382
20.03.2024 08:00,5.72,4.714095567
20.03.2024 09:00,8.08,6.497806247
20.03.2024 10:00,8.57,8.52106083
20.03.2024 11:00,8.92,8.447587013
20.03.2024 12:00,9.28,8.444929459
20.03.2024 13:00,9.84,8.688082729
20.03.2024 14:00,9.71,8.75750157
20.03.2024 15:00,5.83,8.266966187
20.03.2024 16:00,3.08,3.873349487
20.03.2024 17:00,0.54,1.412736614
20.03.2024 18:00,0,-0.819665786
20.03.2024 19:00,0,-0.803193799
20.03.2024 20:00,0,-0.457335984
20.03.2024 21:00,0,-0.202866249
20.03.2024 22:00,0,0.03038103
20.03.2024 23:00,0,0.198790782
21.03.2024 00:00,0,0.433608482
21.03.2024 01:00,0,0.590087327
21.03.2024 02:00,0,0.758198418
21.03.2024 03:00,0,0.884849731
21.03.2024 04:00,0,0.996465245
21.03.2024 05:00,0,1.089868148
21.03.2024 06:00,1.32,1.166074385
21.03.2024 07:00,1.63,2.646320694
21.03.2024 08:00,2.05,2.786466607
21.03.2024 09:00,6.9,3.154037899
21.03.2024 10:00,8.39,8.268134141
21.03.2024 11:00,8.32,8.905671869
21.03.2024 12:00,8.88,8.273358566
21.03.2024 13:00,7.97,8.467193837
21.03.2024 14:00,4.47,7.18438751
21.03.2024 15:00,1.29,3.295374148
21.03.2024 16:00,0.58,0.291478106
21.03.2024 17:00,0.05,0.07242893
21.03.2024 18:00,0,-0.248011436
21.03.2024 19:00,0,-0.06089109
21.03.2024 20:00,0,0.104815177
21.03.2024 21:00,0,0.248854209
21.03.2024 22:00,0,0.377833514
21.03.2024 23:00,0,0.440708161
22.03.2024 00:00,0,0.59241104
22.03.2024 01:00,0,0.649381936
22.03.2024 02:00,0,0.73346991
22.03.2024 03:00,0,0.81182357
22.03.2024 04:00,0,0.859943422
22.03.2024 05:00,0,0.896655997
22.03.2024 06:00,0.35,0.92266279
22.03.2024 07:00,1.07,1.315439029
22.03.2024 08:00,2.02,2.034373834
22.03.2024 09:00,5.25,2.910120233
22.03.2024 10:00,6.26,6.122143496
22.03.2024 11:00,6.88,6.566938012
22.03.2024 12:00,7.21,6.814237908
22.03.2024 13:00,3.6,6.782311456
22.03.2024 14:00,6.96,2.587850083
22.03.2024 15:00,4.89,6.607576003
22.03.2024 16:00,1.32,3.719325551
22.03.2024 17:00,0.64,0.051914719
22.03.2024 18:00,0,-0.112119516
22.03.2024 19:00,0,-0.580019129
22.03.2024 20:00,0,-0.348053865
22.03.2024 21:00,0,-0.2093639
22.03.2024 22:00,0,-0.060850013
22.03.2024 23:00,0,0.001473972
23.03.2024 00:00,0,0.172752859
23.03.2024 01:00,0,0.249939529
23.03.2024 02:00,0,0.350296141
23.03.2024 03:00,0,0.465988451
23.03.2024 04:00,0,0.480094029
23.03.2024 05:00,0.05,0.598043831
23.03.2024 06:00,1.09,0.718059579
23.03.2024 07:00,6.34,1.808985313
23.03.2024 08:00,9.52,7.297276012
23.03.2024 09:00,10,9.746344903
23.03.2024 10:00,9.79,9.193809642
23.03.2024 11:00,8.51,8.73555782
23.03.2024 12:00,9.93,7.037805143
23.03.2024 13:00,9.87,8.537698429
23.03.2024 14:00,9.63,7.965243713
23.03.2024 15:00,5,7.48031563
23.03.2024 16:00,1.31,2.344470171
23.03.2024 17:00,0.27,-0.943233651
23.03.2024 18:00,0,-1.303534562
23.03.2024 19:00,0,-1.143608318
23.03.2024 20:00,0,-0.799084789
23.03.2024 21:00,0,-0.511121761
23.03.2024 22:00,0,-0.244869645
23.03.2024 23:00,0,-0.031091302
24.03.2024 00:00,0,0.22185659
24.03.2024 01:00,0,0.442135022
24.03.2024 02:00,0,0.639262397
24.03.2024 03:00,0,0.758775764
24.03.2024 04:00,0,0.895746991
24.03.2024 05:00,0.03,1.012866817
24.03.2024 06:00,0.77,1.143154878
24.03.2024 07:00,2.26,2.014937588
24.03.2024 08:00,6.58,3.548097257
24.03.2024 09:00,9.85,7.946081368
24.03.2024 10:00,9.85,10.68840139
24.03.2024 11:00,9.84,9.775518947
24.03.2024 12:00,9.89,9.391536393
24.03.2024 13:00,9.82,9.274215896
24.03.2024 14:00,8.96,8.704150516
24.03.2024 15:00,6.64,7.51857964
24.03.2024 16:00,4.01,4.945145336
24.03.2024 17:00,0.74,2.368923935
24.03.2024 18:00,0,-0.704493402
24.03.2024 19:00,0,-0.809815713
24.03.2024 20:00,0,-0.428548179
24.03.2024 21:00,0,-0.16620664
24.03.2024 22:00,0,0.073920305
24.03.2024 23:00,0,0.231277586
25.03.2024 00:00,0,0.488078412
25.03.2024 01:00,0,0.629217383
25.03.2024 02:00,0,0.802625497
25.03.2024 03:00,0,0.949289968
25.03.2024 04:00,0,1.062729392
25.03.2024 05:00,0.04,1.157227811
25.03.2024 06:00,1.58,1.27688178
25.03.2024 07:00,5.13,2.987136616
25.03.2024 08:00,8.5,6.572506959
25.03.2024 09:00,9.82,9.517710893
25.03.2024 10:00,9.89,10.01746306
25.03.2024 11:00,9.53,9.620304947
25.03.2024 12:00,9.48,8.852160355
25.03.2024 13:00,9.47,8.498546901
25.03.2024 14:00,9.63,8.25004004
25.03.2024 15:00,5.67,8.182514594
25.03.2024 16:00,0.81,3.681937678
25.03.2024 17:00,0.18,-1.01770389
25.03.2024 18:00,0,-0.790724307
25.03.2024 19:00,0,-0.692703992
25.03.2024 20:00,0,-0.571186927
25.03.2024 21:00,0,-0.191537155
25.03.2024 22:00,0,0.034397555
25.03.2024 23:00,0,0.285940914
26.03.2024 00:00,0,0.382357219
26.03.2024 01:00,0,0.688680322
26.03.2024 02:00,0,0.848053704
26.03.2024 03:00,0,0.559832307
26.03.2024 04:00,0,0.701938208
26.03.2024 05:00,0,0.727373528
26.03.2024 06:00,0.14,1.006251444
26.03.2024 07:00,1.2,1.028139155
26.03.2024 08:00,7.62,2.39201235
26.03.2024 09:00,8.39,9.328460331
26.03.2024 10:00,9.24,9.068371557
26.03.2024 11:00,9.87,9.394165012
26.03.2024 12:00,9.83,9.579174253
26.03.2024 13:00,9.61,9.064224836
26.03.2024 14:00,9.14,8.511040269
26.03.2024 15:00,4.81,7.749105376
26.03.2024 16:00,2,2.923716338
26.03.2024 17:00,0.44,0.489516629
26.03.2024 18:00,0,-0.649190344
26.03.2024 19:00,0,-0.676111821
26.03.2024 20:00,0,-0.370540828
26.03.2024 21:00,0,-0.142207653
26.03.2024 22:00,0,0.06721603
26.03.2024 23:00,0,0.194202625
27.03.2024 00:00,0,0.428103253
27.03.2024 01:00,0,0.555700168
27.03.2024 02:00,0,0.707555831
27.03.2024 03:00,0,0.830002956
27.03.2024 04:00,0,0.928853981
27.03.2024 05:00,0,1.011239857
27.03.2024 06:00,0.43,1.077939467
27.03.2024 07:00,1.57,1.59298971
27.03.2024 08:00,2.28,2.780779032
27.03.2024 09:00,2.97,3.344681231
27.03.2024 10:00,3.66,3.888522093
27.03.2024 11:00,5.82,4.433579612
27.03.2024 12:00,8.96,6.516428697
27.03.2024 13:00,7.64,9.261432656
27.03.2024 14:00,2.94,7.142809747
27.03.2024 15:00,1.44,1.971511869
27.03.2024 16:00,1.03,0.956715413
27.03.2024 17:00,0.1,0.773488938
27.03.2024 18:00,0,-0.096859849
27.03.2024 19:00,0,0.035814914
27.03.2024 20:00,0,0.160877859
27.03.2024 21:00,0,0.261378604
27.03.2024 22:00,0,0.35073871
27.03.2024 23:00,0,0.389881295
28.03.2024 00:00,0,0.497092394
28.03.2024 01:00,0,0.527609447
28.03.2024 02:00,0,0.584016864
28.03.2024 03:00,0,0.641478429
28.03.2024 04:00,0,0.671464573
28.03.2024 05:00,0.08,0.693044932
28.03.2024 06:00,1.48,0.793118017
28.03.2024 07:00,4.78,2.294135639
28.03.2024 08:00,8,5.592805755
28.03.2024 09:00,9.76,8.392855071
28.03.2024 10:00,9.73,9.358257866
28.03.2024 11:00,9.37,8.799196901
28.03.2024 12:00,9.67,8.036937343
28.03.2024 13:00,9.71,8.008770539
28.03.2024 14:00,9.1,7.806858084
28.03.2024 15:00,5.01,6.894622517
28.03.2024 16:00,2.52,2.38718181
28.03.2024 17:00,0.48,0.30293112
28.03.2024 18:00,0,-1.372682799
28.03.2024 19:00,0,-1.328370507
28.03.2024 20:00,0,-0.964780192
28.03.2024 21:00,0,-0.68373512
28.03.2024 22:00,0,-0.422338221
28.03.2024 23:00,0,-0.218937783
29.03.2024 00:00,0,0.040142525
29.03.2024 01:00,0,0.248031298
29.03.2024 02:00,0,0.451802456
29.03.2024 03:00,0,0.583216009
29.03.2024 04:00,0,0.724873047
29.03.2024 05:00,0.05,0.848019801
29.03.2024 06:00,0.89,1.006815853
29.03.2024 07:00,2.61,1.991142075
29.03.2024 08:00,5.14,3.762197109
29.03.2024 09:00,5.8,6.194041814
29.03.2024 10:00,4.9,6.416320995
29.03.2024 11:00,3.71,5.101906765
29.03.2024 12:00,3.53,3.784366137
29.03.2024 13:00,7.29,3.688022782
29.03.2024 14:00,5.35,7.679326564
29.03.2024 15:00,3.54,4.841210998
29.03.2024 16:00,2.03,3.020214793
29.03.2024 17:00,0.5,1.609812448
29.03.2024 18:00,0,0.218032174
29.03.2024 19:00,0,0.011390726
29.03.2024 20:00,0,0.220443588
29.03.2024 21:00,0,0.348487352
29.03.2024 22:00,0,0.462236508
29.03.2024 23:00,0,0.529791581
30.03.2024 00:00,0,0.648428986
30.03.2024 01:00,0,0.696914177
30.03.2024 02:00,0,0.765863111
30.03.2024 03:00,0,0.831721342
30.03.2024 04:00,0,0.869615227
30.03.2024 05:00,0.11,0.896956127
30.03.2024 06:00,1.46,1.033109894
30.03.2024 07:00,5.11,2.476886996
30.03.2024 08:00,8.31,6.161363552
30.03.2024 09:00,9.81,8.875137217
30.03.2024 10:00,9.87,9.512301561
30.03.2024 11:00,9.1,9.112814541
30.03.2024 12:00,9.6,7.887242307
30.03.2024 13:00,9.71,8.199733648
30.03.2024 14:00,9.35,7.986083373
30.03.2024 15:00,6.92,7.327609723
30.03.2024 16:00,3.96,4.555838411
30.03.2024 17:00,0.8,1.643625126
30.03.2024 18:00,0,-1.246085268
30.03.2024 19:00,0,-1.403238658
30.03.2024 20:00,0,-0.748119525
30.03.2024 21:00,0,-0.414946979
30.03.2024 22:00,0,-0.299148559
30.03.2024 23:00,0,-0.235329292
31.03.2024 00:00,0,0.117823786
31.03.2024 01:00,0,0.241647277
31.03.2024 02:00,0,0.452997445
31.03.2024 03:00,0,0.608932014
31.03.2024 04:00,0,0.754794753
31.03.2024 05:00,0.09,0.881343502
31.03.2024 06:00,1.71,1.086412507
31.03.2024 07:00,5.06,2.907547806
31.03.2024 08:00,7.67,6.294456103
31.03.2024 09:00,8.42,8.40691365
31.03.2024 10:00,9.5,8.583840369
31.03.2024 11:00,9.1,9.390775491
31.03.2024 12:00,9.6,8.47796804
31.03.2024 13:00,9.71,8.825692295
31.03.2024 14:00,9.35,8.566019217
31.03.2024 15:00,6.92,7.916874956
31.03.2024 16:00,3.96,5.148319405
31.03.2024 17:00,0.8,2.234384202
31.03.2024 18:00,0,-0.66156719
31.03.2024 19:00,0,-0.828071502
31.03.2024 20:00,0,-0.424580302
31.03.2024 21:00,0,-0.151266652
31.03.2024 22:00,0,0.098579729
31.03.2024 23:00,0,0.284861214
1.04.2024 00:00,0,0.528640628
1.04.2024 01:00,0,0.697270673
1.04.2024 02:00,0,0.874898182
1.04.2024 03:00,0,1.005732923
1.04.2024 04:00,0,1.122682228
1.04.2024 05:00,0.1,1.219991704
1.04.2024 06:00,1.65,1.406671432
1.04.2024 07:00,5.12,3.121832798
1.04.2024 08:00,7.94,6.622276828
1.04.2024 09:00,9.69,8.986482443
1.04.2024 10:00,9.84,10.04792146
1.04.2024 11:00,6.64,9.681961661
1.04.2024 12:00,7.04,5.837688891
1.04.2024 13:00,3.82,6.560828228
1.04.2024 14:00,5.08,2.820377119
1.04.2024 15:00,5.91,4.615676112
1.04.2024 16:00,3.8,5.291407182
1.04.2024 17:00,0.75,2.823107724
1.04.2024 18:00,0,-0.149264183
1.04.2024 19:00,0,-0.362005675
1.04.2024 20:00,0,-0.049352721
1.04.2024 21:00,0,0.144570063
1.04.2024 22:00,0,0.319907576
1.04.2024 23:00,0,0.425293641
2.04.2024 00:00,0,0.615671988
2.04.2024 01:00,0,0.706513777
2.04.2024 02:00,0,0.826293597
2.04.2024 03:00,0,0.929942374
2.04.2024 04:00,0,1.002754619
2.04.2024 05:00,0.12,1.060933083
2.04.2024 06:00,1.7,1.234610074
2.04.2024 07:00,5.13,2.948646216
2.04.2024 08:00,7.88,6.374312095
2.04.2024 09:00,9.78,8.647317079
2.04.2024 10:00,9.19,9.84550539
2.04.2024 11:00,9.24,8.664442655
2.04.2024 12:00,9.73,8.448712514
2.04.2024 13:00,9.68,8.603721868
2.04.2024 14:00,9.21,8.238397063
2.04.2024 15:00,6.96,7.478983061
2.04.2024 16:00,3.38,4.915096612
2.04.2024 17:00,0.8,1.298166355
2.04.2024 18:00,0,-0.864729078
2.04.2024 19:00,0,-1.112999498
2.04.2024 20:00,0,-0.711721642
2.04.2024 21:00,0,-0.438218892
2.04.2024 22:00,0,-0.185916083
2.04.2024 23:00,0,-0.012615498
3.04.2024 00:00,0,0.25467714
3.04.2024 01:00,0,0.429126897
3.04.2024 02:00,0,0.619558145
3.04.2024 03:00,0,0.759755828
3.04.2024 04:00,0,0.888450233
3.04.2024 05:00,0.13,0.998359999
3.04.2024 06:00,1.72,1.230677239
3.04.2024 07:00,4.94,2.997545979
3.04.2024 08:00,8.02,6.233863093
3.04.2024 09:00,9.68,8.935381932
3.04.2024 10:00,8.67,9.923978916
3.04.2024 11:00,8.54,8.282571211
3.04.2024 12:00,9.04,7.97794389
3.04.2024 13:00,9.17,8.278657716
3.04.2024 14:00,9.45,8.090597024
3.04.2024 15:00,7.16,8.1445401
3.04.2024 16:00,3.86,5.422113125
3.04.2024 17:00,0.8,2.098718651
3.04.2024 18:00,0,-0.64823604
3.04.2024 19:00,0,-0.836262435
3.04.2024 20:00,0,-0.441283983
3.04.2024 21:00,0,-0.17578508
3.04.2024 22:00,0,0.067026861
3.04.2024 23:00,0,0.239029552
4.04.2024 00:00,0,0.485817847
4.04.2024 01:00,0,0.645791545
4.04.2024 02:00,0,0.820485911
4.04.2024 03:00,0,0.952381705
4.04.2024 04:00,0,1.067332501
4.04.2024 05:00,0.12,1.163350105
4.04.2024 06:00,1.53,1.370879515
4.04.2024 07:00,5.08,2.931886949
4.04.2024 08:00,8.25,6.544657248
4.04.2024 09:00,9.75,9.277510845
4.04.2024 10:00,9.8,10.00824803
4.04.2024 11:00,9.87,9.564363516
4.04.2024 12:00,9.82,9.266673562
4.04.2024 13:00,9.85,8.878202496
4.04.2024 14:00,8.9,8.618116833
4.04.2024 15:00,6.57,7.331080385
4.04.2024 16:00,4.17,4.768012693
4.04.2024 17:00,0.67,2.458946735
4.04.2024 18:00,0.01,-0.8940645
4.04.2024 19:00,0,-0.85857307
4.04.2024 20:00,0,-0.487851635
4.04.2024 21:00,0,-0.215628871
4.04.2024 22:00,0,0.032553322
4.04.2024 23:00,0,0.200423208
5.04.2024 00:00,0,0.461249052
5.04.2024 01:00,0,0.615777942
5.04.2024 02:00,0,0.797855032
5.04.2024 03:00,0,0.941224325
5.04.2024 04:00,0,1.060112964
5.04.2024 05:00,0.16,1.159820923
5.04.2024 06:00,1.64,1.413954779
5.04.2024 07:00,5.13,3.046527814
5.04.2024 08:00,7.89,6.583054635
5.04.2024 09:00,9.18,8.881754671
5.04.2024 10:00,9.7,9.464636126
5.04.2024 11:00,9.81,9.582375687
5.04.2024 12:00,9.85,9.26741723
5.04.2024 13:00,9.22,8.974509844
5.04.2024 14:00,8.32,7.980956731
5.04.2024 15:00,4.82,6.864233224
5.04.2024 16:00,3.46,3.052937078
5.04.2024 17:00,1.04,2.101157965
5.04.2024 18:00,0.01,-0.209177666
5.04.2024 19:00,0,-0.758435304
5.04.2024 20:00,0,-0.357654992
5.04.2024 21:00,0,-0.104415388
5.04.2024 22:00,0,0.125698541
5.04.2024 23:00,0,0.282591705
6.04.2024 00:00,0,0.521024686
6.04.2024 01:00,0,0.66562756
6.04.2024 02:00,0,0.832726103
6.04.2024 03:00,0,0.958330708
6.04.2024 04:00,0,1.065105948
6.04.2024 05:00,0.14,1.153730732
6.04.2024 06:00,1.96,1.376283359
6.04.2024 07:00,5.33,3.370903347
6.04.2024 08:00,8.57,6.708541307
6.04.2024 09:00,9.53,9.526382217
6.04.2024 10:00,9.64,9.678255523
6.04.2024 11:00,9.84,9.353666253
6.04.2024 12:00,9.82,9.197625152
6.04.2024 13:00,9.85,8.904041343
6.04.2024 14:00,9.71,8.563260145
6.04.2024 15:00,7.92,8.151955196
6.04.2024 16:00,4.4,6.023874511
6.04.2024 17:00,1.07,2.371534351
6.04.2024 18:00,0.03,-0.64580446
6.04.2024 19:00,0,-1.047639819
6.04.2024 20:00,0,-0.631704222
6.04.2024 21:00,0,-0.340660049
6.04.2024 22:00,0,-0.076772482
6.04.2024 23:00,0,0.101254051
7.04.2024 00:00,0,0.381676103
7.04.2024 01:00,0,0.553377524
7.04.2024 02:00,0,0.749523191
7.04.2024 03:00,0,0.901250429
7.04.2024 04:00,0,1.031780111
7.04.2024 05:00,0.15,1.14239299
7.04.2024 06:00,1.71,1.395865392
7.04.2024 07:00,5.03,3.12661142
7.04.2024 08:00,8.21,6.474673914
7.04.2024 09:00,9.5,9.262655658
7.04.2024 10:00,9.71,9.811559857
7.04.2024 11:00,9.16,9.552954757
7.04.2024 12:00,8.53,8.574522285
7.04.2024 13:00,7.51,7.846797951
7.04.2024 14:00,7.71,6.430717727
7.04.2024 15:00,6.47,6.635247532
7.04.2024 16:00,4.31,5.131797217
7.04.2024 17:00,1.23,2.912645842
7.04.2024 18:00,0.03,-0.054536483
7.04.2024 19:00,0,-0.71147777
7.04.2024 20:00,0,-0.31346076
7.04.2024 21:00,0,-0.061121654
7.04.2024 22:00,0,0.165332083
7.04.2024 23:00,0,0.318833669
8.04.2024 00:00,0,0.553540794
8.04.2024 01:00,0,0.692389173
8.04.2024 02:00,0,0.854854056
8.04.2024 03:00,0,0.980837757
8.04.2024 04:00,0,1.084513475
8.04.2024 05:00,0.07,1.170161894
8.04.2024 06:00,0.41,1.314339478
8.04.2024 07:00,2.88,1.721191208
8.04.2024 08:00,5.6,4.361373754
8.04.2024 09:00,7.76,6.849599437
8.04.2024 10:00,5.76,8.483899054
8.04.2024 11:00,5.58,5.773824502
8.04.2024 12:00,5.31,5.63834868
8.04.2024 13:00,5,5.212049776
8.04.2024 14:00,5,4.735594554
8.04.2024 15:00,8.02,4.655377423
8.04.2024 16:00,3.21,7.810234354
8.04.2024 17:00,0.22,1.961670938
8.04.2024 18:00,0,-0.597487888
8.04.2024 19:00,0,-0.257915231
8.04.2024 20:00,0,-0.056989553
8.04.2024 21:00,0,0.098897559
8.04.2024 22:00,0,0.240084095
8.04.2024 23:00,0,0.30826876
9.04.2024 00:00,0,0.478756538
9.04.2024 01:00,0,0.544427993
9.04.2024 02:00,0,0.639340539
9.04.2024 03:00,0,0.73376122
9.04.2024 04:00,0,0.79313034
9.04.2024 05:00,0.27,0.840693822
9.04.2024 06:00,1.92,1.169183615
9.04.2024 07:00,4.46,2.92847055
9.04.2024 08:00,5.68,5.373027766
9.04.2024 09:00,4.75,6.146415012
9.04.2024 10:00,4.92,4.651379977
9.04.2024 11:00,4.64,4.859365682
9.04.2024 12:00,5.35,4.362884759
9.04.2024 13:00,5.1,5.034766942
9.04.2024 14:00,3.19,4.502852933
9.04.2024 15:00,1.32,2.344931004
9.04.2024 16:00,0.45,0.566215055
9.04.2024 17:00,0.07,-0.038456821
9.04.2024 18:00,0,-0.209478675
9.04.2024 19:00,0,-0.101956892
9.04.2024 20:00,0,0.031785326
9.04.2024 21:00,0,0.144588741
9.04.2024 22:00,0,0.246101648
9.04.2024 23:00,0,0.314560116
10.04.2024 00:00,0,0.416222566
10.04.2024 01:00,0,0.483620705
10.04.2024 02:00,0,0.551209915
10.04.2024 03:00,0,0.593771613
10.04.2024 04:00,0,0.633948161
10.04.2024 05:00,1.53,0.66542208
10.04.2024 06:00,6.1,2.341588917
10.04.2024 07:00,0.96,7.011789384
10.04.2024 08:00,2.03,0.558859874
10.04.2024 09:00,1.38,2.400085785
10.04.2024 10:00,8.46,2.048102911
10.04.2024 11:00,8.73,9.199013401
10.04.2024 12:00,6.66,8.166588824
10.04.2024 13:00,6.07,5.592686187
10.04.2024 14:00,6.06,4.978688
10.04.2024 15:00,0.79,4.895082266
10.04.2024 16:00,2.42,-0.91879803
10.04.2024 17:00,0.44,1.69962878
10.04.2024 18:00,0.05,-0.586335767
10.04.2024 19:00,0,-0.576351866
10.04.2024 20:00,0,-0.402420986
10.04.2024 21:00,0,-0.229857002
10.04.2024 22:00,0,-0.077071136
10.04.2024 23:00,0,0.045028952
11.04.2024 00:00,0,0.189419204
11.04.2024 01:00,0,0.297752323
11.04.2024 02:00,0,0.416462444
11.04.2024 03:00,0,0.493409188
11.04.2024 04:00,0,0.570351992
11.04.2024 05:00,0.18,0.635818523
11.04.2024 06:00,2.19,0.884404395
11.04.2024 07:00,4.71,3.063542921
11.04.2024 08:00,5.74,5.440122356
11.04.2024 09:00,3.82,6.018379218
11.04.2024 10:00,2.06,3.539734743
11.04.2024 11:00,5.78,1.82061271
11.04.2024 12:00,8.19,6.051656103
11.04.2024 13:00,4.82,7.82670482
11.04.2024 14:00,4.13,3.701181121
11.04.2024 15:00,7.23,3.309624736
11.04.2024 16:00,2.9,6.697228678
11.04.2024 17:00,0,1.45
11.04.2024 18:00,0.02,-0.12847476
11.04.2024 19:00,0,-0.634092776
11.04.2024 20:00,0,-0.35455354
11.04.2024 21:00,0,-0.178353557
11.04.2024 22:00,0,-0.018530611
11.04.2024 23:00,0,0.080133114
12.04.2024 00:00,0,0.256892125
12.04.2024 01:00,0,0.361438937
12.04.2024 02:00,0,0.47676392
12.04.2024 03:00,0,0.571191842
12.04.2024 04:00,0,0.649333906
12.04.2024 05:00,0.23,0.715262282
12.04.2024 06:00,2.08,1.017549777
12.04.2024 07:00,5.55,3.013405222
12.04.2024 08:00,6.38,0
12.04.2024 09:00,4.71,6.631856917
12.04.2024 10:00,5.63,4.330985593
12.04.2024 11:00,7.14,5.518690556
12.04.2024 12:00,4.59,6.839391571
12.04.2024 13:00,6.25,3.645943731
12.04.2024 14:00,6.61,5.71863614
12.04.2024 15:00,4.81,5.704416975
12.04.2024 16:00,2.37,3.564582307
12.04.2024 17:00,0.91,1.13365847
12.04.2024 18:00,0.01,-0.03023793
12.04.2024 19:00,0,-0.632198232
12.04.2024 20:00,0,-0.316994745
12.04.2024 21:00,0,-0.138205129
12.04.2024 22:00,0,0.028186686
12.04.2024 23:00,0,0.136912748
13.04.2024 00:00,0,0.321911066
13.04.2024 01:00,0,0.42900054
13.04.2024 02:00,0,0.553807203
13.04.2024 03:00,0,0.647447378
13.04.2024 04:00,0,0.728456627
13.04.2024 05:00,0.17,0.796278833
13.04.2024 06:00,1.1,1.034774506
13.04.2024 07:00,2.85,2.050057145
13.04.2024 08:00,4.62,3.791660714
13.04.2024 09:00,6.39,5.354493028
13.04.2024 10:00,1.01,6.7919146
13.04.2024 11:00,1.24,0.531700331
13.04.2024 12:00,1.86,1.514782721
13.04.2024 13:00,3.24,2.137752547
13.04.2024 14:00,2.75,3.539260963
13.04.2024 15:00,2.28,2.734818694
13.04.2024 16:00,1.15,2.232304794
13.04.2024 17:00,0.3,1.044583577
13.04.2024 18:00,0,0.30551288
13.04.2024 19:00,0,0.16130559
13.04.2024 20:00,0,0.274922582
13.04.2024 21:00,0,0.339829127
13.04.2024 22:00,0,0.396206006
13.04.2024 23:00,0,0.414995956
14.04.2024 00:00,0,0.484542998
14.04.2024 01:00,0,0.496303044
14.04.2024 02:00,0,0.52709119
14.04.2024 03:00,0,0.561528268
14.04.2024 04:00,0,0.574069702
14.04.2024 05:00,0.38,0.580834819
14.04.2024 06:00,1.66,0.991974142
14.04.2024 07:00,5,2.299535541
14.04.2024 08:00,8.71,5.642690173
14.04.2024 09:00,9.78,8.950847781
14.04.2024 10:00,9.55,9.06143689
14.04.2024 11:00,7.21,8.388037483
14.04.2024 12:00,7.88,5.531279458
14.04.2024 13:00,6.4,6.259722108
14.04.2024 14:00,3.14,4.473099788
14.04.2024 15:00,3.67,1.055942342
14.04.2024 16:00,3.24,2.148449187
14.04.2024 17:00,0.71,1.678172967
14.04.2024 18:00,0.03,-0.897912863
14.04.2024 19:00,0,-1.072651156
14.04.2024 20:00,0,-0.770246081
14.04.2024 21:00,0,-0.53642804
14.04.2024 22:00,0,-0.322709815
14.04.2024 23:00,0,-0.141519908
15.04.2024 00:00,0,0.054431974
15.04.2024 01:00,0,0.231419299
15.04.2024 02:00,0,0.399497609
15.04.2024 03:00,0,0.495974329
15.04.2024 04:00,0,0.610979676
15.04.2024 05:00,0.26,0.710841753
15.04.2024 06:00,2.35,1.076279556
15.04.2024 07:00,6.07,3.354307789
15.04.2024 08:00,9.07,7.031501273
15.04.2024 09:00,9.8,9.530574064
15.04.2024 10:00,9.84,9.477919399
15.04.2024 11:00,9.85,9.120150411
15.04.2024 12:00,9.85,0
15.04.2024 13:00,9.82,8.499821917
15.04.2024 14:00,9.69,8.204417911
15.04.2024 15:00,7.73,7.849143057
15.04.2024 16:00,4.35,5.571923576
15.04.2024 17:00,0.96,0
15.04.2024 18:00,0.04,-0.92867597
15.04.2024 19:00,0,0
15.04.2024 20:00,0,-0.752339859
15.04.2024 21:00,0,0
15.04.2024 22:00,0,0
15.04.2024 23:00,0,0.06953352
16.04.2024 00:00,0,0
16.04.2024 01:00,0,0.562830692
16.04.2024 02:00,0,0.776653683
16.04.2024 03:00,0,0
16.04.2024 04:00,0,0
16.04.2024 05:00,0.23,0
16.04.2024 06:00,2.32,0
16.04.2024 07:00,5.96,3.839413949
16.04.2024 08:00,0,1.1
16.04.2024 09:00,9.85,0
16.04.2024 10:00,9.89,10.08512309
16.04.2024 11:00,9.84,9.692916156
16.04.2024 12:00,9.89,0
16.04.2024 13:00,9.88,9.03866123
16.04.2024 14:00,9.54,8.73895104
16.04.2024 15:00,7.32,0
16.04.2024 16:00,4.07,0
16.04.2024 17:00,1,0
16.04.2024 18:00,0.03,0
16.04.2024 19:00,0,-0.793725341
16.04.2024 20:00,0,0
16.04.2024 21:00,0,-0.105669092
16.04.2024 22:00,0,0.151889652
16.04.2024 23:00,0,0.307506583
17.04.2024 00:00,0,0.594180126
17.04.2024 01:00,0,0.743007058
17.04.2024 02:00,0,0.930047098
17.04.2024 03:00,0,1.083265064
17.04.2024 04:00,0,1.203465231
17.04.2024 05:00,0,1.302909657
17.04.2024 06:00,2.32,2.028713639
17.04.2024 07:00,5.85,3.826588521
17.04.2024 08:00,8.44,7.345326424
17.04.2024 09:00,9.83,9.423579584
17.04.2024 10:00,9.85,10.10192796
17.04.2024 11:00,9.89,9.655617122
17.04.2024 12:00,9.83,9.333105354
17.04.2024 13:00,9.67,8.94858211
17.04.2024 14:00,7.85,8.481756743
17.04.2024 15:00,5,6.296357586
17.04.2024 16:00,3.87,3.343372961
17.04.2024 17:00,0.81,2.546377731
17.04.2024 18:00,0.04,-0.498749709
17.04.2024 19:00,0,-0.666166294
17.04.2024 20:00,0,-0.33182226
17.04.2024 21:00,0,-0.068070761
17.04.2024 22:00,0,0.196533035
17.04.2024 23:00,0,0.320623649
18.04.2024 00:00,0,0.691107231
18.04.2024 01:00,0,0.798919249
18.04.2024 02:00,0,0.791561438
18.04.2024 03:00,0,0.779402651
18.04.2024 04:00,0,0.774041697
18.04.2024 05:00,0,0.770444378
18.04.2024 06:00,2.2,3.108134788
18.04.2024 07:00,5.29,5.287496742
18.04.2024 08:00,8.25,7.22922376
18.04.2024 09:00,9.81,8.066175815
18.04.2024 10:00,9.84,7.917476595
18.04.2024 11:00,9.86,7.794032737
18.04.2024 12:00,8.9,7.740416967
18.04.2024 13:00,9.16,7.704443782
18.04.2024 14:00,5.17,7.16415401
18.04.2024 15:00,6.63,5.530587481
18.04.2024 16:00,3.45,3.181514513
18.04.2024 17:00,0.71,0.769833299
18.04.2024 18:00,0.03,0.018622151
18.04.2024 19:00,0,0.0000623
18.04.2024 20:00,0,0
18.04.2024 21:00,0,0
18.04.2024 22:00,0,0.21364382
18.04.2024 23:00,0,0.490259949
19.04.2024 00:00,0,0.698710195
19.04.2024 01:00,0,0.809847756
19.04.2024 02:00,0,0.798446152
19.04.2024 03:00,0,0.789040566
19.04.2024 04:00,0,0.790425343
19.04.2024 05:00,0,0.78726617
19.04.2024 06:00,2.32,2.842857386
19.04.2024 07:00,5.74,5.40555655
19.04.2024 08:00,8.72,7.312644455
19.04.2024 09:00,9.8,8.173867974
19.04.2024 10:00,9.88,7.986595313
19.04.2024 11:00,9.83,7.890411878
19.04.2024 12:00,9.65,7.90425343
19.04.2024 13:00,9.85,7.872661701
19.04.2024 14:00,9.57,7.064191896
19.04.2024 15:00,7.61,5.029570629
19.04.2024 16:00,4.24,3.255425031
19.04.2024 17:00,0.97,0.753904139
19.04.2024 18:00,0.04,0.021337976
19.04.2024 19:00,0,0.0000622
19.04.2024 20:00,0,0
19.04.2024 21:00,0,0
19.04.2024 22:00,0,0.18949998
19.04.2024 23:00,0,0.486619009
20.04.2024 00:00,0,0.706237231
20.04.2024 01:00,0,0.793026052
20.04.2024 02:00,0,0.805167255
20.04.2024 03:00,0,0.79683492
20.04.2024 04:00,0,0.791841511
20.04.2024 05:00,0,0.790541285
20.04.2024 06:00,2.41,2.558333251
20.04.2024 07:00,5,5.437901954
20.04.2024 08:00,7.24,7.38650096
20.04.2024 09:00,6.53,8.003823573
20.04.2024 10:00,3.72,8.053916386
20.04.2024 11:00,3.82,7.968355411
20.04.2024 12:00,3.53,7.918415109
20.04.2024 13:00,4.35,7.905412847
20.04.2024 14:00,3.54,6.633334538
20.04.2024 15:00,3.86,5.71711868
20.04.2024 16:00,4.03,3.241286538
20.04.2024 17:00,0.88,0.73563053
20.04.2024 18:00,0.04,0.0224384
20.04.2024 19:00,0,0.0000621
20.04.2024 20:00,0,0
20.04.2024 21:00,0,0
20.04.2024 22:00,0,0.231345874
20.04.2024 23:00,0,0.506554679
21.04.2024 00:00,0,0.725895908
21.04.2024 01:00,0,0.79394475
21.04.2024 02:00,0,0.81204734
21.04.2024 03:00,0,0.807117231
21.04.2024 04:00,0,0.806282307
21.04.2024 05:00,0,0.807781019
21.04.2024 06:00,2.47,3.014614034
21.04.2024 07:00,6.03,5.63622229
21.04.2024 08:00,8.89,7.604113428
21.04.2024 09:00,9.81,8.019589137
21.04.2024 10:00,9.9,8.122940361
21.04.2024 11:00,9.84,8.071178514
21.04.2024 12:00,9.89,8.062823067
21.04.2024 13:00,9.84,8.077810188
21.04.2024 14:00,9.65,7.01155296
21.04.2024 15:00,7.38,5.70675501
21.04.2024 16:00,4.21,3.451543451
21.04.2024 17:00,1.02,0.801416419
21.04.2024 18:00,0.03,0.024669606
21.04.2024 19:00,0,0.000062
21.04.2024 20:00,0,0
21.04.2024 21:00,0,0
21.04.2024 22:00,0,0.237460023
21.04.2024 23:00,0,0.493840456
22.04.2024 00:00,0,0.698853997
22.04.2024 01:00,0,0.759720244
22.04.2024 02:00,0,0.751182274
22.04.2024 03:00,0,0.697156302
22.04.2024 04:00,0,0.737988341
22.04.2024 05:00,0,0.726427056
22.04.2024 06:00,2.42,3.044715503
22.04.2024 07:00,5.89,5.466341847
22.04.2024 08:00,8.77,7.339612863
22.04.2024 09:00,9.82,7.677495975
22.04.2024 10:00,9.89,7.514484484
22.04.2024 11:00,9.85,6.971569218
22.04.2024 12:00,9.85,7.379883409
22.04.2024 13:00,9.88,7.264270555
22.04.2024 14:00,9.52,6.70115273
22.04.2024 15:00,7.4,5.279372899
22.04.2024 16:00,4.14,3.510728964
22.04.2024 17:00,0.96,0.802935391
22.04.2024 18:00,0.07,0.026617459
22.04.2024 19:00,0,0.000062
22.04.2024 20:00,0,0
22.04.2024 21:00,0,0
22.04.2024 22:00,0,0.208921709
22.04.2024 23:00,0,0.524159295
23.04.2024 00:00,0,0.742082114
23.04.2024 01:00,0,0.806331134
23.04.2024 02:00,0,0.805180567
23.04.2024 03:00,0,0.795121512
23.04.2024 04:00,0,0.786260887
23.04.2024 05:00,0,0.782436452
23.04.2024 06:00,2.28,2.762327492
23.04.2024 07:00,4.91,5.834712791
23.04.2024 08:00,7.86,7.783115056
23.04.2024 09:00,8.25,8.148531122
23.04.2024 10:00,8.99,8.054510381
23.04.2024 11:00,9.83,7.951221306
23.04.2024 12:00,9.18,7.862608871
23.04.2024 13:00,9.71,7.824364524
23.04.2024 14:00,6.92,6.731104003
23.04.2024 15:00,4.17,5.931198425
23.04.2024 16:00,2.04,3.62293913
23.04.2024 17:00,0.67,0.852197829
23.04.2024 18:00,0.04,0.027047151
23.04.2024 19:00,0,0.0000619
23.04.2024 20:00,0,0
23.04.2024 21:00,0,0
23.04.2024 22:00,0,0.225688656
23.04.2024 23:00,0,0.525062033
24.04.2024 00:00,0,0.747600775
24.04.2024 01:00,0,0.81558961
24.04.2024 02:00,0,0.811730622
24.04.2024 03:00,0,0.832456274
24.04.2024 04:00,0,0.802310375
24.04.2024 05:00,0,0.806160952
24.04.2024 06:00,2.46,3.030011369
24.04.2024 07:00,5.14,5.846784684
24.04.2024 08:00,7.83,7.844706105
24.04.2024 09:00,9.28,8.242061217
24.04.2024 10:00,9.49,8.120556754
24.04.2024 11:00,9.7,8.324568917
24.04.2024 12:00,9.6,8.023103751
24.04.2024 13:00,9.25,8.061609517
24.04.2024 14:00,6.64,7.731248092
24.04.2024 15:00,3.82,5.961643555
24.04.2024 16:00,1.58,3.68698355
24.04.2024 17:00,0.77,0.861651163
24.04.2024 18:00,0.03,0.032505378
24.04.2024 19:00,0,0.0000618
24.04.2024 20:00,0,0
24.04.2024 21:00,0,0
24.04.2024 22:00,0,0.246223942
24.04.2024 23:00,0,0.516561437
25.04.2024 00:00,0,0.730443601
25.04.2024 01:00,0,0.809793658
25.04.2024 02:00,0,0.808648394
25.04.2024 03:00,0,0.804038396
25.04.2024 04:00,0,0.806975346
25.04.2024 05:00,0,0.818738357
25.04.2024 06:00,2.54,3.159000424
25.04.2024 07:00,4.95,5.708771498
25.04.2024 08:00,5.43,7.630581022
25.04.2024 09:00,5.67,8.177822335
25.04.2024 10:00,5.43,8.089829723
25.04.2024 11:00,5.5,8.040390125
25.04.2024 12:00,6.06,8.069753463
25.04.2024 13:00,5.48,8.187383571
25.04.2024 14:00,3.94,6.967610013
25.04.2024 15:00,1.31,5.431571329
25.04.2024 16:00,0.69,3.261450158
25.04.2024 17:00,0.29,0.79885751
25.04.2024 18:00,0,0.033457831
25.04.2024 19:00,0,0.0000617
25.04.2024 20:00,0,0
25.04.2024 21:00,0,0
25.04.2024 22:00,0,0.228996648
25.04.2024 23:00,0,0.514040845
26.04.2024 00:00,0,0.735759072
26.04.2024 01:00,0,0.812089936
26.04.2024 02:00,0,0.817271076
26.04.2024 03:00,0,0.818460586
26.04.2024 04:00,0,0.818549394
26.04.2024 05:00,0,0.820802659
26.04.2024 06:00,1.42,3.004915746
26.04.2024 07:00,3.25,5.691178269
26.04.2024 08:00,5.95,7.65634465
26.04.2024 09:00,7.75,8.201505583
26.04.2024 10:00,5.68,8.176012578
26.04.2024 11:00,5.81,8.184612034
26.04.2024 12:00,9.41,8.18549394
26.04.2024 13:00,7.54,8.208026594
26.04.2024 14:00,8.06,7.149492706
26.04.2024 15:00,5.21,5.507698153
26.04.2024 16:00,3.64,2.987539313
26.04.2024 17:00,0.77,0.806062187
26.04.2024 18:00,0.04,0.033018219
26.04.2024 19:00,0,0.0000617
26.04.2024 20:00,0,0
26.04.2024 21:00,0,0
26.04.2024 22:00,0,0.224053132
26.04.2024 23:00,0,0.513592935
27.04.2024 00:00,0,0.680814977
27.04.2024 01:00,0,0.765050008
27.04.2024 02:00,0,0.777799525
27.04.2024 03:00,0,0.74271517
27.04.2024 04:00,0,0.782257224
27.04.2024 05:00,0,0.761764739
27.04.2024 06:00,2.42,2.886305665
27.04.2024 07:00,5.11,5.600671158
27.04.2024 08:00,8.16,7.066722378
27.04.2024 09:00,5.03,7.717695264
27.04.2024 10:00,7.6,7.780877508
27.04.2024 11:00,8.84,7.427157863
27.04.2024 12:00,7.71,7.822572237
27.04.2024 13:00,5.1,7.617647391
27.04.2024 14:00,3.87,6.457743405
27.04.2024 15:00,1.27,4.647418089
27.04.2024 16:00,2.82,2.585726057
27.04.2024 17:00,0.74,0.671951827
27.04.2024 18:00,0.07,0.028822596
27.04.2024 19:00,0,0.0000616
27.04.2024 20:00,0,0
27.04.2024 21:00,0,0
27.04.2024 22:00,0,0.217499313
27.04.2024 23:00,0,0.46736179
28.04.2024 00:00,0,0.685647703
28.04.2024 01:00,0,0.783839062
28.04.2024 02:00,0,0.771952097
28.04.2024 03:00,0,0.741320116
28.04.2024 04:00,0,0.80857393
28.04.2024 05:00,0,0.769578219
28.04.2024 06:00,1.84,2.863083834
28.04.2024 07:00,4.28,5.192466548
28.04.2024 08:00,5.02,7.158517669
28.04.2024 09:00,7.88,7.912642967
28.04.2024 10:00,8.55,7.722545221
28.04.2024 11:00,9.14,7.413207311
28.04.2024 12:00,4.77,8.085739301
28.04.2024 13:00,4.42,7.695782186
28.04.2024 14:00,3.63,6.880907072
28.04.2024 15:00,3.68,5.188486504
28.04.2024 16:00,3.01,3.020406361
28.04.2024 17:00,0.75,0.742523503
28.04.2024 18:00,0.07,0.030242543
28.04.2024 19:00,0,0.0000615
28.04.2024 20:00,0,0
28.04.2024 21:00,0,0
28.04.2024 22:00,0,0.223654986
28.04.2024 23:00,0,0.498431225
29.04.2024 00:00,0,0.732385188
29.04.2024 01:00,0,0.739129965
29.04.2024 02:00,0,0.786091876
29.04.2024 03:00,0,0.806882135
29.04.2024 04:00,0,0.796838856
29.04.2024 05:00,0,0.729085628
29.04.2024 06:00,2.1,2.894548195
29.04.2024 07:00,3.6,5.419302177
29.04.2024 08:00,3.7,7.615616359
29.04.2024 09:00,4.01,7.465166054
29.04.2024 10:00,9.39,7.86444814
29.04.2024 11:00,6.35,8.068827493
29.04.2024 12:00,7.96,7.968388563
29.04.2024 13:00,5.53,7.29085628
29.04.2024 14:00,2.37,6.579983319
29.04.2024 15:00,1.64,4.349899317
29.04.2024 16:00,2.1,2.917644836
29.04.2024 17:00,1.44,0.738664086
29.04.2024 18:00,0.03,0.035293773
29.04.2024 19:00,0,0.0000614
29.04.2024 20:00,0,0
29.04.2024 21:00,0,0
29.04.2024 22:00,0,0.2153245
29.04.2024 23:00,0,0.472133211
30.04.2024 00:00,0,0.652923588
30.04.2024 01:00,0,0.773198358
30.04.2024 02:00,0,0.795579295
30.04.2024 03:00,0,0.812292722
30.04.2024 04:00,0,0.756345193
30.04.2024 05:00,0,0.696963367
30.04.2024 06:00,2.99,2.748048687
30.04.2024 07:00,5.33,5.157236595
30.04.2024 08:00,7.14,6.823969206
30.04.2024 09:00,6.75,7.806138097
30.04.2024 10:00,4.79,7.959763367
30.04.2024 11:00,8.5,8.122933351
30.04.2024 12:00,9.23,7.563451934
30.04.2024 13:00,8.78,6.969633666
30.04.2024 14:00,3.54,5.948036922
30.04.2024 15:00,0.07,4.359044806
30.04.2024 16:00,0.03,2.947333302
30.04.2024 17:00,0.07,0.741545137
30.04.2024 18:00,0.03,0.039704216
30.04.2024 19:00,0,0.0000613
30.04.2024 20:00,0,0
30.04.2024 21:00,0,0
30.04.2024 22:00,0,0.214791633
30.04.2024 23:00,0,0.45964751
1.05.2024 00:00,0,0.612846647
1.05.2024 01:00,0,0.715317627
1.05.2024 02:00,0,0.806864505
1.05.2024 03:00,0,0.751705215
1.05.2024 04:00,0,0.774713397
1.05.2024 05:00,0,0.69579417
1.05.2024 06:00,0.61,2.726504354
1.05.2024 07:00,1.46,5.021417046
1.05.2024 08:00,3.47,6.402987537
1.05.2024 09:00,8,7.245936963
1.05.2024 10:00,7.52,8.072492125
1.05.2024 11:00,0.9,7.517058276
1.05.2024 12:00,0.81,7.74713397
1.05.2024 13:00,5.07,6.957941696
1.05.2024 14:00,7.22,5.78588024
1.05.2024 15:00,3.6,4.24941942
1.05.2024 16:00,1.02,2.745210679
1.05.2024 17:00,0.46,0.927606892
1.05.2024 18:00,0.02,0.038470727
1.05.2024 19:00,0,0.0000613
1.05.2024 20:00,0,0
1.05.2024 21:00,0,0
1.05.2024 22:00,0,0.231658622
1.05.2024 23:00,0,0.479329773
2.05.2024 00:00,0,0.683978792
2.05.2024 01:00,0,0.748300702
2.05.2024 02:00,0,0.762184995
2.05.2024 03:00,0,0.787903398
2.05.2024 04:00,0,0.794205085
2.05.2024 05:00,0,0.745296389
2.05.2024 06:00,2.48,2.860437376
2.05.2024 07:00,4.85,5.10097622
2.05.2024 08:00,8.17,7.05755875
2.05.2024 09:00,8.6,7.546936063
2.05.2024 10:00,7.96,7.625589374
2.05.2024 11:00,6.78,7.879040097
2.05.2024 12:00,3.98,7.942050848
2.05.2024 13:00,5.63,7.452963893
2.05.2024 14:00,8.17,5.438511522
2.05.2024 15:00,7.83,3.076784899
2.05.2024 16:00,4.4,2.177708271
2.05.2024 17:00,1.23,0.639290397
2.05.2024 18:00,0.7,0.037394231
2.05.2024 19:00,0,0.0000612
2.05.2024 20:00,0,0
2.05.2024 21:00,0,0
2.05.2024 22:00,0,0.196612609
2.05.2024 23:00,0,0.386756169
3.05.2024 00:00,0,0.587963885
3.05.2024 01:00,0,0.75675825
3.05.2024 02:00,0,0.78185099
3.05.2024 03:00,0,0.661550475
3.05.2024 04:00,0,0.698796361
3.05.2024 05:00,0,0.703374434
3.05.2024 06:00,1.67,2.577616384
3.05.2024 07:00,2.91,4.282690538
3.05.2024 08:00,2.66,6.091296398
3.05.2024 09:00,2.69,7.633265999
3.05.2024 10:00,5,7.822028316
3.05.2024 11:00,4.21,6.615510856
3.05.2024 12:00,4.28,6.987963605
3.05.2024 13:00,6.35,7.033744339
3.05.2024 14:00,5.38,6.114902928
3.05.2024 15:00,4.76,4.151288527
3.05.2024 16:00,2.89,2.11657553
3.05.2024 17:00,0.96,0.656834958
3.05.2024 18:00,0.14,0.03518415
3.05.2024 19:00,0,0.0000611
3.05.2024 20:00,0,0
3.05.2024 21:00,0,0
3.05.2024 22:00,0,0.20885023
3.05.2024 23:00,0,0.45298883
4.05.2024 00:00,0,0.683430447
4.05.2024 01:00,0,0.771493944
4.05.2024 02:00,0,0.785796878
4.05.2024 03:00,0,0.741435536
4.05.2024 04:00,0,0.690935356
4.05.2024 05:00,0,0.693330772
4.05.2024 06:00,2.26,2.730185538
4.05.2024 07:00,5.18,4.957963383
4.05.2024 08:00,7.35,7.109458999
4.05.2024 09:00,8.17,7.798177292
4.05.2024 10:00,8.28,7.8699417
4.05.2024 11:00,8.07,7.414361466
4.05.2024 12:00,8.95,6.909353558
4.05.2024 13:00,8.64,6.933307717
4.05.2024 14:00,7.43,6.416832415
4.05.2024 15:00,5.09,4.280750803
4.05.2024 16:00,3.35,2.751545256
4.05.2024 17:00,0.67,0.832378503
4.05.2024 18:00,0,0.119729185
4.05.2024 19:00,0,0.0000611
4.05.2024 20:00,0,0
4.05.2024 21:00,0,0
4.05.2024 22:00,0,0.199808252
4.05.2024 23:00,0,0.397880808
5.05.2024 00:00,0,0.559928541
5.05.2024 01:00,0,0.696205957
5.05.2024 02:00,0,0.754713074
5.05.2024 03:00,0,0.720891968
5.05.2024 04:00,0,0.676105026
5.05.2024 05:00,0,0.697085015
5.05.2024 06:00,1.23,2.620366338
5.05.2024 07:00,1.14,4.410099383
5.05.2024 08:00,1.22,5.861912239
5.05.2024 09:00,3.14,7.044138202
5.05.2024 10:00,4.4,7.559365293
5.05.2024 11:00,3.02,7.208925778
5.05.2024 12:00,5.6,6.761050262
5.05.2024 13:00,5.15,6.970850149
5.05.2024 14:00,4.98,6.222838223
5.05.2024 15:00,2.67,4.312912999
5.05.2024 16:00,1.2,2.62626826
5.05.2024 17:00,0.35,0.820786303
5.05.2024 18:00,0.04,0.122345507
5.05.2024 19:00,0,0.000061
5.05.2024 20:00,0,0
5.05.2024 21:00,0,0
5.05.2024 22:00,0,0.205516157
5.05.2024 23:00,0,0.452023581
6.05.2024 00:00,0,0.650038038
6.05.2024 01:00,0,0.762613268
6.05.2024 02:00,0,0.781302839
6.05.2024 03:00,0,0.756025204
6.05.2024 04:00,0,0.7236258
6.05.2024 05:00,0,0.734732227
6.05.2024 06:00,3.19,2.676440298
6.05.2024 07:00,6.71,4.968413242
6.05.2024 08:00,8.32,6.777177925
6.05.2024 09:00,7.85,7.702590856
6.05.2024 10:00,8.59,7.823691787
6.05.2024 11:00,8.33,7.560258128
6.05.2024 12:00,9,7.236258
6.05.2024 13:00,9.23,7.347322273
6.05.2024 14:00,9.75,6.212787327
6.05.2024 15:00,8.1,4.481774343
6.05.2024 16:00,4.57,2.767975441
6.05.2024 17:00,1.2,0.764581796
6.05.2024 18:00,0.11,0.106634001
6.05.2024 19:00,0,0.0000609
6.05.2024 20:00,0,0
6.05.2024 21:00,0,0
6.05.2024 22:00,0,0.188716949
6.05.2024 23:00,0,0.342305642
7.05.2024 00:00,0,0.511243303
7.05.2024 01:00,0,0.675062918
7.05.2024 02:00,0,0.741864267
7.05.2024 03:00,0,0.662799773
7.05.2024 04:00,0,0.69997411
7.05.2024 05:00,0,0.69347649
7.05.2024 06:00,2.9,2.510002775
7.05.2024 07:00,6.18,3.815588278
7.05.2024 08:00,7.05,5.347771599
7.05.2024 09:00,9.35,6.817112821
7.05.2024 10:00,9.01,7.428456669
7.05.2024 11:00,8.41,6.62800381
7.05.2024 12:00,8.16,6.999741102
7.05.2024 13:00,7.6,6.934764897
7.05.2024 14:00,6.99,6.228332871
7.05.2024 15:00,7.47,3.925318616
7.05.2024 16:00,4.16,2.353385663
7.05.2024 17:00,1.22,0.664836394
7.05.2024 18:00,0.1,0.09814003
7.05.2024 19:00,0,0.0000608
7.05.2024 20:00,0,0
7.05.2024 21:00,0,0
7.05.2024 22:00,0,0.232227469
7.05.2024 23:00,0,0.469981226
8.05.2024 00:00,0,0.648436661
8.05.2024 01:00,0,0.73152132
8.05.2024 02:00,0,0.776460291
8.05.2024 03:00,0,0.73687225
8.05.2024 04:00,0,0.735944562
8.05.2024 05:00,0,0.743323189
8.05.2024 06:00,2.9,2.970848758
8.05.2024 07:00,6.42,5.185723457
8.05.2024 08:00,9.1,6.782716582
8.05.2024 09:00,9.85,7.399572581
8.05.2024 10:00,9.85,7.774567656
8.05.2024 11:00,9.89,7.368728577
8.05.2024 12:00,9.86,7.359445617
8.05.2024 13:00,9.85,7.433231885
8.05.2024 14:00,9.64,6.485740641
8.05.2024 15:00,7.53,4.859111942
8.05.2024 16:00,4.21,2.983499739
8.05.2024 17:00,1.22,0.843593795
8.05.2024 18:00,0.13,0.099647503
8.05.2024 19:00,0,0.0000608
8.05.2024 20:00,0,0
8.05.2024 21:00,0,0
8.05.2024 22:00,0,0.212860762
8.05.2024 23:00,0,0.459601949
9.05.2024 00:00,0,0.636047311
9.05.2024 01:00,0,0.728502805
9.05.2024 02:00,0,0.784205748
9.05.2024 03:00,0,0.75923487
9.05.2024 04:00,0,0.740506066
9.05.2024 05:00,0,0.73764654
9.05.2024 06:00,2.61,2.817722306
9.05.2024 07:00,6.46,5.099724593
9.05.2024 08:00,8.45,6.669476445
9.05.2024 09:00,8.45,7.375342369
9.05.2024 10:00,7.3,7.85202667
9.05.2024 11:00,8.5,7.592354767
9.05.2024 12:00,6.73,7.405060659
9.05.2024 13:00,5.3,7.376465403
9.05.2024 14:00,6.95,6.891146903
9.05.2024 15:00,4.29,5.037051062
9.05.2024 16:00,3.56,3.090033376
9.05.2024 17:00,1.17,0.903143152
9.05.2024 18:00,0.16,0.099691951
9.05.2024 19:00,0,0.0000607
9.05.2024 20:00,0,0
9.05.2024 21:00,0,0
9.05.2024 22:00,0,0.230108462
9.05.2024 23:00,0,0.508621972
10.05.2024 00:00,0,0.672640412
10.05.2024 01:00,0,0.805366592
10.05.2024 02:00,0,0.797576648
10.05.2024 03:00,0,0.781124273
10.05.2024 04:00,0,0.768504541
10.05.2024 05:00,0,0.77539111
10.05.2024 06:00,2.82,2.976413999
10.05.2024 07:00,6.29,5.615059298
10.05.2024 08:00,8.86,7.048657476
10.05.2024 09:00,9.85,8.148798781
10.05.2024 10:00,9.78,7.986120662
10.05.2024 11:00,9.64,7.811248786
10.05.2024 12:00,8.29,7.685045414
10.05.2024 13:00,6.97,7.753911096
10.05.2024 14:00,6.13,6.753293844
10.05.2024 15:00,3.94,5.288395801
10.05.2024 16:00,2.38,3.222533606
10.05.2024 17:00,1.5,0.951328583
10.05.2024 18:00,0.05,0.103541817
10.05.2024 19:00,0,0.0000606
10.05.2024 20:00,0,0
10.05.2024 21:00,0,0
10.05.2024 22:00,0,0.259455765
10.05.2024 23:00,0,0.517567338
11.05.2024 00:00,0,0.671563953
11.05.2024 01:00,0,0.782426366
11.05.2024 02:00,0,0.777238806
11.05.2024 03:00,0,0.764055704
11.05.2024 04:00,0,0.744915931
11.05.2024 05:00,0,0.718207558
11.05.2024 06:00,2.51,3.306436142
11.05.2024 07:00,6.27,5.685425656
11.05.2024 08:00,9.07,7.03790123
11.05.2024 09:00,9.85,7.922148621
11.05.2024 10:00,9.54,7.783459746
11.05.2024 11:00,5.76,7.640563094
11.05.2024 12:00,2.25,7.449159313
11.05.2024 13:00,3.67,7.182075579
11.05.2024 14:00,1.91,7.118784888
11.05.2024 15:00,1.24,5.097522766
11.05.2024 16:00,0.78,3.222616985
11.05.2024 17:00,0.3,0.97884963
11.05.2024 18:00,0,0.110716876
11.05.2024 19:00,0,0.0000605
11.05.2024 20:00,0,0
11.05.2024 21:00,0,0
11.05.2024 22:00,0,0.256789216
11.05.2024 23:00,0,0.53285143
12.05.2024 00:00,0,0.690514217
12.05.2024 01:00,0,0.812907985
12.05.2024 02:00,0,0.802160277
12.05.2024 03:00,0,0.78532611
12.05.2024 04:00,0,0.757018298
12.05.2024 05:00,0,0.721621803
12.05.2024 06:00,0,3.208242346
12.05.2024 07:00,0,5.825820617
12.05.2024 08:00,0,7.204663748
12.05.2024 09:00,0,8.238701914
12.05.2024 10:00,0,8.031902911
12.05.2024 11:00,0,7.853267148
12.05.2024 12:00,0,7.570182975
12.05.2024 13:00,0,7.216218033
12.05.2024 14:00,0,6.40350187
12.05.2024 15:00,0,4.973063194
12.05.2024 16:00,0,2.995215816
12.05.2024 17:00,0,1.096220669
12.05.2024 18:00,0,0.103001386
12.05.2024 19:00,0,0.0000605
12.05.2024 20:00,0,0
12.05.2024 21:00,0,0
12.05.2024 22:00,0,0.239608966
12.05.2024 23:00,0,0.542302663
13.05.2024 00:00,0,0.711332628
13.05.2024 01:00,0,0.781616731
13.05.2024 02:00,0,0.805924115
13.05.2024 03:00,0,0.720113583
13.05.2024 04:00,0,0.685670801
13.05.2024 05:00,0,0.665133614
13.05.2024 06:00,2.69,3.004438948
13.05.2024 07:00,5.75,5.849454413
13.05.2024 08:00,9.24,7.373819313
13.05.2024 09:00,8.88,7.899903357
13.05.2024 10:00,7.85,8.068234934
13.05.2024 11:00,8.36,7.201141869
13.05.2024 12:00,5.34,6.856708006
13.05.2024 13:00,4.04,6.651336138
13.05.2024 14:00,5.89,6.083492872
13.05.2024 15:00,5.32,4.264277787
13.05.2024 16:00,3.62,2.604930329
13.05.2024 17:00,1.3,0.837360436
13.05.2024 18:00,0.16,0.089937881
13.05.2024 19:00,0,0.0000604
13.05.2024 20:00,0,0
13.05.2024 21:00,0,0
13.05.2024 22:00,0,0.201378761
13.05.2024 23:00,0,0.381523538
14.05.2024 00:00,0,0.503836073
14.05.2024 01:00,0,0.656106491
14.05.2024 02:00,0,0.71091207
14.05.2024 03:00,0,0.602530296
14.05.2024 04:00,0,0.621291126
14.05.2024 05:00,0,0.57371031
14.05.2024 06:00,2.59,2.503490082
14.05.2024 07:00,4.14,4.20250972
14.05.2024 08:00,7.6,5.251112797
14.05.2024 09:00,8.83,6.628594082
14.05.2024 10:00,7.44,7.116974998
14.05.2024 11:00,5.84,6.025308989
14.05.2024 12:00,7.78,6.21291126
14.05.2024 13:00,9.64,5.737103097
14.05.2024 14:00,9.7,4.897024693
14.05.2024 15:00,7.82,3.872743418
14.05.2024 16:00,4.55,2.127520668
14.05.2024 17:00,1.33,0.6752917
14.05.2024 18:00,0.14,0.078542935
14.05.2024 19:00,0,0.0000603
14.05.2024 20:00,0,0
14.05.2024 21:00,0,0
14.05.2024 22:00,0,0.217232172
14.05.2024 23:00,0,0.500187607
15.05.2024 00:00,0,0.700439701
15.05.2024 01:00,0,0.757113608
15.05.2024 02:00,0,0.769098624
15.05.2024 03:00,0,0.749888984
15.05.2024 04:00,0,0.646098468
15.05.2024 05:00,0,0.592844882
15.05.2024 06:00,2.94,2.7420105
15.05.2024 07:00,6.58,5.460601286
15.05.2024 08:00,9.13,7.275685668
15.05.2024 09:00,9.82,7.663079308
15.05.2024 10:00,9.87,7.955792945
15.05.2024 11:00,9.82,8.122927221
15.05.2024 12:00,7.92,7.563451934
15.05.2024 13:00,7.18,6.969633666
15.05.2024 14:00,6,5.948036922
15.05.2024 15:00,3.11,4.359044806
15.05.2024 16:00,2.5,2.947333302
15.05.2024 17:00,0.83,0.741545137
15.05.2024 18:00,0.28,0.039704216
15.05.2024 19:00,0,0.15
15.05.2024 20:00,0,0
15.05.2024 21:00,0,0
15.05.2024 22:00,0,0
15.05.2024 23:00,0,0
